,GYR-Y,GYR-Z,ACC-X,ACC-Y,ACC-Z,X,Y,DEATHCOUNT,HEALTH,XMIN,YMIN,VALENCE,AROUSAL
0,0.9786955372874249,0.27056650246305414,-0.5128276458109345,-0.1055675380078408,0.56130066690811,0.0037986000825369626,-0.01128407700302203,-1.0,0.3855421686746989,-0.9896934332760945,-0.935903141407243,-0.35422640052933396,-0.595395406510836
1,1.0,0.26422084759147135,-0.6657475109533891,0.07926315238687698,0.5261013469404099,0.0037986000825369626,-0.01128407700302203,-1.0,0.3855421686746989,-0.9896934332760945,-0.935903141407243,-0.36750110277900316,-0.509299872300261
2,0.9615336796527396,0.27155172413793105,-0.5600155631930486,-0.045908436997545876,0.5170105249605716,0.0037986000825369626,-0.01128407700302203,-1.0,0.3855421686746989,-0.9896934332760945,-0.935903141407243,-0.3636138067931187,-0.6976292265837543
3,0.9388733627758872,0.2741379310344829,-0.559431943453732,-0.05132436320555134,0.528983874601693,0.0037986000825369626,-0.01128407700302203,-1.0,0.3855421686746989,-0.9896934332760945,-0.935903141407243,-0.2936424790471991,-0.8186663705513297
4,0.96578248906715,0.27241379310344827,-0.6055379028597367,0.00638910044850638,0.49383629984872357,0.0037986000825369626,-0.01128407700302203,-1.0,0.3855421686746989,-0.9896934332760945,-0.935903141407243,-0.28160840317600355,-0.663798049340218
5,0.8978015384365932,0.28189655172413786,-0.5424421243758513,-0.06647203181856631,0.5264089607003763,0.0037986000825369626,-0.01128407700302203,-1.0,0.3855421686746989,-0.9896934332760945,-0.935903141407243,-0.28351069695633,-0.5544944755982455
6,0.24914996783662713,0.4767241379310345,-0.14061993385642957,-0.3203012608953202,0.018957803598442124,0.0037986000825369626,-0.01128407700302203,-1.0,0.3855421686746989,-0.9896934332760945,-0.935903141407243,-0.3937472430524923,-0.6080049846081715
7,0.7306817014697862,0.4706896551724138,-0.3872316970365087,-0.2601337056782601,0.1773793813769351,0.0037986000825369626,-0.01128407700302203,-1.0,0.3855421686746989,-0.9896934332760945,-0.935903141407243,-0.48668394353771516,-0.6912997612570095
8,0.4035233765601929,0.5318965517241379,-0.2084170935736983,-0.06486417872556483,0.3789307670024784,0.0037986000825369626,-0.01128407700302203,-1.0,0.3855421686746989,-0.9896934332760945,-0.935903141407243,-0.3236242831936481,-0.6561730794144319
9,0.35112139378246754,0.7844827586206897,-0.2573763050385839,0.01235508166201238,0.46261546879526194,0.0037986000825369626,-0.00493363772848765,-1.0,0.3855421686746989,-0.9896934332760945,-0.9316912742062884,-0.42142699602999567,-0.44115633039068713
10,0.008384101020042722,0.6086206896551725,-0.12051747616886077,-0.1463992553101463,0.5726286652290065,0.0037986000825369626,0.018906116885478053,-1.0,0.3855421686746989,-0.9896934332760945,-0.913587551423503,-0.39893030436700494,-0.46108242493784657
11,0.14151346267156617,0.6405172413793105,-0.3949160236041761,0.10121012101210125,0.3184846631690752,0.0037986000825369626,0.029991585013413813,-1.0,0.3855421686746989,-0.9896934332760945,-0.9056479509383791,-0.5076918835465374,-0.3622415931005126
12,0.021130529263273967,0.6413793103448275,-0.04208546786849121,-0.18464923415418455,0.40268434774212225,0.0037986000825369626,0.052691748891642964,-1.0,0.3855421686746989,-0.9896934332760945,-0.8887807733279484,-0.48622904719894144,-0.32715192567505036
13,0.42759996324185523,0.6025862068965517,-0.44604759743207323,0.09871371752559877,0.5486819659467637,0.004907779471917895,0.0695399457587722,-1.0,0.3855421686746989,-0.9889590458130284,-0.8763918741558714,-0.5110829289810324,-0.33385153517294985
14,0.40210710675539274,0.5560344827586208,-0.5528175864081448,0.02906829144452905,0.4797386462390163,0.006624137265994312,0.07503506131485715,-1.0,0.3855421686746989,-0.9879598012620914,-0.87209891981469,-0.5946735774150862,-0.3388854959006532
15,0.317130918467184,0.5043103448275863,-0.20423448544193,0.15892358466615897,0.338762110141942,0.016577810224947864,0.0749949696697314,-1.0,0.3855421686746989,-0.9810783441629005,-0.8721285542129871,-0.47378142920158817,-0.3730868173153443
16,0.48000194601958057,0.4767241379310345,-0.4261072563387589,-0.018109503258017967,0.4579162509253596,-0.004827640595169491,0.07776507536842114,-1.0,0.3855421686746989,-0.9954030435209266,-0.8701319813440427,-0.5615350683722984,-0.2750356263764736
17,0.26048012627504824,0.47327586206896544,-0.18730951300175103,-0.1273165778116272,0.6612057034342913,0.01789464357225956,0.07807032165540417,-1.0,0.3855421686746989,-0.980183765910868,-0.8698553572573318,-0.4954096823996472,-0.3184165232358004
18,0.016881719848863552,0.42500000000000004,-0.13095778483885623,-0.08885503935008876,0.3283980816891434,0.008248106138187383,0.08204304845718968,-1.0,0.3855421686746989,-0.9866995782215506,-0.8670475069619518,-0.6302382002646671,-0.20731158119420834
19,0.08061386106501,0.4172413793103449,-0.2799429349588225,-0.10425657950410416,0.4776787151179631,0.00848834371803231,0.10065816214013723,-1.0,0.3855421686746989,-0.9865318577097534,-0.8533342463868883,-0.5794414424349361,-0.2517535580108452
20,0.07636505165059959,0.42586206896551726,-0.35260359250372875,-0.21439451637471418,0.863915800315427,-0.016687324269887838,0.10281116914516009,-1.0,0.3855421686746989,-0.9756750526909563,-0.8515677693813992,-0.5002067710630791,-0.3782688357115096
21,0.10752298735628263,0.42413793103448283,-0.43836327086440574,-0.08923584666158912,0.7661978177604685,-0.05651848686219396,0.10281116914516009,-1.0,0.3855421686746989,-0.9102672896757444,-0.8515677693813992,-0.3329703352448169,-0.9010974774674736
22,0.1429297324763663,0.41206896551724137,-0.30040204915375135,-0.1507573834306507,0.6404776465286941,-0.06614333946482331,0.10281116914516009,-1.0,0.3855421686746989,-0.8894660691747923,-0.8515677693813992,-0.41773268636965166,-0.7184560052807234
23,0.32987734671041524,0.3318965517241379,-0.3581479800272357,0.11538461538461542,0.47452444558885065,-0.06614333946482331,0.10281116914516009,-1.0,0.3855421686746989,-0.8894660691747923,-0.8515677693813992,-0.37668173797970894,-0.5075972091129495
24,0.3497051239776674,0.38534482758620703,-0.5336878282861034,-0.02479478717102479,0.6164665743989184,-0.02603556194479517,0.10273581146806099,-1.0,0.3855421686746989,-0.9372957993973374,-0.8516234615880105,-0.40873125275694766,-0.49593766772157744
25,0.10469044774667235,0.4370689655172415,-0.3362298164840154,-0.14377591605314366,0.7101934404068364,0.11238128656497359,0.10268557301666181,-1.0,0.3855421686746989,-0.9173582753308868,-0.8516605897257514,-0.5147634539038377,-0.4195769252123702
26,0.1967479850588918,0.4043103448275862,-0.38473510148498813,0.22129135990522153,0.5175898805883679,0.046231812341277045,0.10260980106568263,-1.0,0.3855421686746989,-0.9599962412232721,-0.8516605897257514,-0.40609836788707554,-0.5097440453056465
27,0.18683409642527082,0.22758620689655173,-0.25345308345762274,0.03190319031903188,0.4861115581447746,0.013038956640224919,0.0191023839758242,-1.0,0.3855421686746989,-0.9839622301913513,-0.9116295472732018,-0.5640990295544774,-0.36205652101493524
28,0.32279599768640455,0.13103448275862073,-0.3515336229816485,0.0866125074045867,0.4749750555215808,0.09886145714045935,-0.03711111175310389,-1.0,0.3855421686746989,-0.926194125489262,-0.9537285441028064,-0.48978550948389954,-0.3436973701256639
29,0.35112139378246754,0.11206896551724155,-0.3494909538940406,-0.0937632224760937,0.6447262544658663,0.10530916060425843,-0.12924635990221434,-1.0,0.3855421686746989,-0.9204960012623075,-0.9315706350355846,-0.5344894133215704,-0.3200081431717654
30,0.4884995648484014,0.09396551724137936,-0.18312690486998262,-0.12054667005162045,0.7955518362354759,-0.01211284315364558,-0.12164348351397103,-1.0,0.3855421686746989,-0.9739905668542894,-0.9482683502317484,-0.500413542126158,-0.35857716580608145
31,0.5394852778213266,0.04568965517241397,-0.40217884702678175,-0.15575019040365568,0.7117383887476261,-0.015435430971461161,-0.16229981122178117,-1.0,0.3855421686746989,-0.9915443562235391,-0.8588072451333499,-0.5330282311424792,-0.3777259575938161
32,0.4672555177763493,0.06293103448275872,-0.28127229103171014,0.039138529237539244,0.5554411149377192,-0.01421722227320421,-0.17363420302165167,-1.0,0.3855421686746989,-0.9944837205608336,-0.8332896873003575,-0.495244265549184,-0.47628301223326486
33,-0.03410399312406165,-0.2155172413793104,-0.12726152648985156,0.18282982144368276,0.2770929222054137,-0.030405370389006814,-0.14621768467729468,-1.0,0.3293172690763051,-0.9630471698669204,-0.8899632619271731,-0.5476814071460081,-0.28599189384265167
34,0.22224084154535428,-0.20862068965517244,-0.16188963102263154,0.042227299653042394,0.38247127361678834,-0.08455348397719531,-0.09699927102716832,-1.0,0.3132530120481929,-0.8537711483408092,-0.9947854852715066,-0.4947480149977945,-0.31786130697906834
35,0.18116901720606027,-0.31896551724137934,-0.09123921924648226,-0.03478040111703473,0.25623611960475046,-0.08030705300584418,-0.029668357618752195,-1.0,0.3132530120481929,-0.8583564300206735,-0.9498308426628129,-0.5232134980149978,-0.3787623612730491
36,0.1273507646235248,-0.3129310344827586,-0.29375526878931324,0.0698569856985698,0.24033602626412187,-0.014998795026784029,0.013325717654966596,-1.0,0.3132530120481929,-0.9840301103415572,-0.9188612437273017,-0.3305304367004853,-0.553421057501897
37,0.1061067175514725,-0.19913793103448274,-0.1143894689060373,0.10649911144960655,0.1540120377224885,-0.030194388755062973,0.08294159688797453,-1.0,0.3132530120481929,-0.959342130291157,-0.867008634172346,0.27710768636965133,-0.08126515277700663
38,0.17267139837723944,-0.2543103448275862,-0.06766746644186517,-0.0576711517305577,0.23306189449290282,-0.054305838458684086,0.09957370104618479,-1.0,0.3132530120481929,-0.9136846725273623,-0.8534506787358227,0.11493714159682389,-0.19778653785649503
39,0.20382933408291248,-0.17413793103448272,-0.16869852798132423,-0.02509097063552501,0.26222279442531127,-0.05401203334912952,0.039030520815055425,-1.0,0.3132530120481929,-0.9115463261021282,-0.8980370583185762,-0.2743714159682401,-0.5626993380588405
40,0.5182412307492745,-0.1637931034482758,-0.4498411257376306,-0.036219006516036156,0.7301490231420387,-0.009159278909365187,0.027639063514148132,-1.0,0.3132530120481929,-0.9985798916530112,-0.9070561035667773,-0.19683226731363046,-0.4332352451279774
41,0.2774753639326899,-0.14741379310344827,-0.06371182154205324,-0.10006769907759994,0.20924394090572607,0.027327202907974968,0.0022872376707447906,-1.0,0.3132530120481929,-0.9741865025302958,-0.925281536654949,-0.3514970224966918,-0.60524124146355
42,0.29022179217592137,-0.14568965517241372,-0.11627002139939058,-0.03152238300753141,-0.026875663844990294,0.048722772622996846,-0.02009870382511081,-1.0,0.26987951807228905,-0.9603759279884718,-0.9424186176683533,-0.24443096603440684,-0.5151481502045046
43,0.4006908369505926,-0.15344827586206888,-0.10861811815057398,0.04768553778454776,-0.07245163989829095,0.12335245773139136,-0.052302477692464655,-1.0,0.24096385542168686,-0.9096020047610105,-0.9602589527523006,-0.27183502426113815,-0.44913910634858945
44,0.17408766818203958,-0.07931034482758614,-0.02311782634070436,-0.028137429127528035,0.03151050886735973,0.09319135465010797,-0.09686607217064735,-1.0,0.0,-0.9284452976233838,-0.9872336155085485,-0.4043890604322895,-0.35942849739973726
45,0.8836388403885516,-0.011206896551724244,-0.2749497438557812,-0.22366082762122363,0.3676011458366861,0.03435846567275158,-0.07544195004314858,-1.0,-1.0,-0.9685940006782788,-0.9835119416432052,-0.5024812527569475,-0.30549849166250254
46,-0.4249944592498065,0.17586206896551726,-1.0,1.0,-0.6293411439055007,-0.010171101962235363,-0.08144065665073918,-0.7777777777777778,-0.5461847389558232,-0.9951879529364864,-0.9878532584710087,-0.256506396118218,-0.43808413377010347
47,-0.4660662835891056,-1.0,-0.17044938719927372,0.5850892781585852,0.4709839389745403,-0.013135414723383199,-0.09722903587439458,-0.6,0.3855421686746989,-0.9966716103842884,-0.9994307711088339,-0.14490516100573447,-0.44222974848703567
48,-1.0,-0.9241379310344828,-0.329291226249919,-0.0026233392570025327,-0.08706427628826163,-0.013135414723383199,-0.09722903587439458,-0.6,0.3855421686746989,-0.9966716103842884,-0.9994307711088339,0.7198458866343187,0.6420705864934393
49,0.4417626612898866,-0.02155172413793094,1.0,-0.6782178217821782,0.3233126267340436,-0.013135414723383199,-0.09722903587439458,-0.6,0.3855421686746989,-0.9966716103842884,-0.9994307711088339,1.0,1.0
50,0.07069997243138904,-0.2991379310344827,0.04477660333311717,0.4866294321739868,0.029643696288905286,-0.013135414723383199,-0.09722903587439458,-0.6,0.3855421686746989,-0.9966716103842884,-0.9994307711088339,0.873456109395677,0.8278829604130808
51,0.11318806657549318,-0.23965517241379308,-0.060210103106154045,-0.07937716848607923,0.37120602529852875,-0.013135414723383199,-0.09987364928906695,-0.6,0.3855421686746989,-0.9966716103842884,-0.9953095797470506,0.009925011027789976,-0.2799091912966767
52,0.335542425929636,-0.1775862068965517,-0.1604954283120421,-0.07544215960057532,0.37642022594869484,-0.013135414723383199,-0.15628686450725582,-0.6,0.3855421686746989,-0.9966716103842884,-0.8718334569209639,0.6446018967798852,0.5007495419465882
53,0.10893925716108277,-0.21293103448275863,-0.025841385124181437,0.12638571549462663,0.12375679938202055,-0.013135414723383199,-0.1675549183427465,-0.6,0.285140562248996,-0.9966716103842884,-0.8458792862755679,0.7890108072342301,0.6911517035885479
54,0.307217029833563,-0.028448275862068884,-0.04655988586991777,-0.0864432597105863,-0.24303968586050406,-0.013135414723383199,-0.16563081229641552,-0.6,0.024096385542168752,-0.9966716103842884,-0.8502280410815665,0.09583149536832813,-0.1831658430958859
55,-0.010027406442409292,0.3517241379310345,-0.4553206666234356,-0.19861216890919853,-0.331616724065789,-0.012586840149426126,-0.14297422206915178,-0.4666666666666667,0.08032128514056236,-0.9977810735895256,-0.9000106067553574,0.10823775915306566,-0.18398016027242603
56,0.43893012168027634,0.9155172413793105,-0.16341352700862477,0.25129051366675137,-0.25816730503073804,-0.011489691001512092,-0.09760538469317648,-0.19999999999999996,0.3855421686746989,-1.0,-0.9997089504290867,-0.31655271283634767,-0.7548288391661885
57,0.31571464866238386,0.5474137931034484,-0.0807989105764868,0.20275873741220263,0.25436930702629623,0.07017954808947402,-0.0977759921959852,-0.19999999999999996,0.3855421686746989,-0.9457281154178482,-0.9993317110494614,-0.6106638729598589,-0.8593452149612273
58,0.3907769483169614,0.29568965517241375,-0.02554957525452317,-0.2672421088262672,0.2350574527664231,0.10202642814721852,-0.012827840879987118,-0.19999999999999996,0.3855421686746989,-0.923267414649766,-0.9383691900944836,0.7371939788266428,0.6843780652564171
59,0.345456314563257,0.36293103448275876,-0.2589650476622788,-0.005331302361005208,0.4573368952975634,0.04502839418606808,0.012437970713856439,-0.19999999999999996,0.3855421686746989,-0.9617608942225319,-0.9183685879534881,0.8713470445522717,0.8100790257805417
60,0.38086305968334044,0.36293103448275876,-0.06335516503469318,0.1763984090716766,0.09820077891145518,0.021295365307338443,0.012437970713856439,-0.19999999999999996,0.3855421686746989,-0.9778980230783851,-0.9183685879534881,0.004686810763122828,-0.36395659442686257
61,0.32279599768640455,0.2543103448275863,-0.19476687633746204,-0.10142168062960122,0.31603849496282477,0.02930494080198498,0.012437970713856439,-0.19999999999999996,0.3855421686746989,-0.9731949363869905,-0.9183685879534881,-0.20185680414644913,-0.5018599744600521
62,0.33270988632002574,0.13965517241379333,-0.4899487711562156,0.47042396547347054,0.48546782966944524,0.10717151388555424,0.011290400608262363,-0.19999999999999996,0.3855421686746989,-0.920266557055961,-0.9189682516650441,-0.32995147772386424,-0.5939518442433327
63,0.5154086911396643,0.042241379310344884,-0.20617988457298497,-0.138994668697639,0.47124143036467214,0.12030666984558058,-0.049084230861001776,-0.19999999999999996,0.3855421686746989,-0.9112816510868307,-0.9631904198780031,-0.4513260917512132,-0.7035885477393444
64,0.3213797278815944,0.020689655172413834,-0.1891900654951041,-0.1383599898451383,0.34474878496250283,0.12067398552816555,-0.10721257307360521,-0.19999999999999996,0.3855421686746989,-0.9106398714761093,-0.9716934120755677,-0.43427437141596836,-0.6875119525721936
65,0.26048012627504824,0.02327586206896548,-0.051455807016406396,-0.23148853346873155,0.5584022659242331,0.007649879421822714,-0.11647304376849044,-0.19999999999999996,0.3855421686746989,-0.9677006764959516,-0.9592203169954007,-0.5264046647551832,-0.753780097347917
66,0.38511186909775086,-0.09913793103448276,-0.0842033590558331,0.03338410764153332,0.27348804274357064,-0.00656479848425795,-0.15727947361683248,-0.19999999999999996,0.07228915662650603,-0.9875250940217816,-0.8691330661981388,-0.5439595280105868,-0.7733237095848833
67,0.03387695750650521,0.11637931034482762,-0.27099409895596926,-0.38685791656088675,-0.5891081141974316,0.005419558839600214,-0.17189675621470835,-0.19999999999999996,-0.7060240963855421,-0.9885947535413496,-0.8361904643202102,-0.5033703683281872,-0.7359391482982621
68,-0.07659208726816602,0.7491379310344828,-0.33250113481615984,0.3173394262503175,0.41691074704689557,-0.005780510648227821,-0.12257159582389943,0.06666666666666665,-0.04819277108433728,-0.9961609818451529,-0.9454037729047249,-0.3318813409792678,-0.5848586357719665
69,-0.0978361343402182,0.6568965517241381,-0.4548343168406719,0.5976559194380977,0.7472722005857928,-0.011489691001512092,-0.09799914025170897,0.19999999999999996,0.3855421686746989,-1.0,-1.0,-0.40004686810763135,-0.5697444154498177
70,0.6527868622055981,0.6560344827586209,-0.30030477919719867,0.22882288228822878,0.5294344845344234,-0.011489691001512092,-0.09799914025170897,0.19999999999999996,0.3855421686746989,-1.0,-1.0,-0.41650584472871643,-0.5693002424444321
71,0.3426237749536467,0.4801724137931034,0.1294987354905648,0.10345265295760342,-0.08075573723003637,-0.014227159760281882,-0.09799914025170897,0.19999999999999996,0.3855421686746989,-0.9950359855247312,-1.0,-0.5263426334362595,-0.42616549145892324
72,0.3794467898785403,0.3603448275862069,-0.16111147137020942,0.2400778539392403,0.20428723164569185,-0.02632616063105797,-0.09799914025170897,0.19999999999999996,0.3855421686746989,-0.9699940701209456,-1.0,-0.6168394353771505,-0.30310489268903573
73,0.37378171065931975,0.23362068965517246,-0.04471175669541538,0.007954641618008074,0.07097106440503409,-0.025977832224624686,-0.09799914025170897,0.19999999999999996,0.3855421686746989,-0.9705976071583977,-1.0,-0.6118217909131012,-0.24301815557159523
74,0.48283448562919085,0.1206896551724137,-0.2580571947344532,-0.012143522044512078,0.34713058032122057,-0.023640385095244576,-0.09799914025170897,0.19999999999999996,0.3855421686746989,-0.9754259034580149,-1.0,-0.5791519629466256,-0.2947643106990172
75,0.32987734671041524,0.05948275862068986,-0.14561312495947087,0.14589151222814611,0.11487334642247893,-0.006415059626853403,-0.09799914025170897,0.19999999999999996,0.3855421686746989,-0.9789722902666027,-1.0,-0.695646779885311,-0.24779301537949028
76,0.2732265545182795,-0.028448275862068884,-0.14833668374294795,-0.02521790640602517,0.4082204126299527,-0.004443423332226248,-0.09799914025170897,0.19999999999999996,0.3855421686746989,-0.9779989680447929,-1.0,-0.6783745037494489,-0.18500422581262055
77,0.3907769483169614,0.07327586206896552,-0.10116075481486286,0.04463907929254485,-0.26157906594998226,-0.09112404230473481,-0.08276770092933217,0.19999999999999996,0.3855421686746989,-0.8394893764534286,-0.9898255476962736,-0.7044552271724747,-0.16880424925508486
78,0.4120209953890137,0.37758620689655165,-0.03634654043187879,0.028983667597529017,-0.20660465415687668,-0.08110990798691942,-0.00378318682234291,0.19999999999999996,0.3855421686746989,-0.8579990841219092,-0.9306305580681319,-0.5879190560211733,-0.32189587844465417
79,0.48991583465320154,0.3706896551724137,-0.09490305427663581,-0.04785478547854782,0.1911551707489778,-0.02100789387743973,0.011599898526129637,0.19999999999999996,0.3855421686746989,-0.9662119960605704,-0.919374021844237,-0.45686755624172926,-0.697999370754909
80,0.22507338115496478,0.4137931034482758,-0.13011477854873243,-0.1847761699246847,0.03453603270140637,0.03745333284455432,0.0600831837753002,0.19999999999999996,0.3855421686746989,-0.9675318100346662,-0.8837863827239854,-0.45403479267754754,-0.6448466677770992
81,0.27181028471347934,0.09568965517241379,-0.004604111276830358,0.47435897435897445,0.16495542180308354,0.07934283875116432,0.09005295673656555,0.19999999999999996,0.3855421686746989,-0.9386354159090466,-0.8606410900443907,-0.6480480811645348,-0.840554229205609
82,0.414853534998624,-0.08965517241379295,-0.07898320472083542,-0.09185918591859177,0.11068911133283965,0.07780322536643713,0.007006226115368497,0.19999999999999996,0.3855421686746989,-0.9404326212065957,-0.9210479539578932,-0.6384952580502868,-0.8326948346380915
83,0.2293221905693752,-0.1353448275862067,-0.3782828610336555,0.5523398493695524,0.43757443110495986,0.12503705762910866,-0.022111440041560626,0.19999999999999996,0.3855421686746989,-0.9079601173538085,-0.9439063526434435,-0.6284461843846494,-0.8017137675124462
84,0.2335709999837856,-0.1724137931034483,-0.09383308475455554,0.06934924261656938,0.05075799027969996,0.11078048435206456,-0.022111440041560626,0.19999999999999996,0.3855421686746989,-0.9171826431651019,-0.9439063526434435,-0.6185625275694753,-0.5135565302685395
85,0.21091068310693317,-0.25172413793103443,-0.05268789313274125,0.035795887281035776,0.2515369017348481,0.06888833662125049,-0.04437248389113457,0.19999999999999996,0.3855421686746989,-0.9455921210909924,-0.9597848435185607,-0.667787825319806,-0.4654254498793946
86,0.3029682204191526,-0.27586206896551724,-0.14924453667077364,0.13544046712363556,0.23537931700408765,0.005367679402780601,-0.060889094081366,0.19999999999999996,0.3855421686746989,-0.9856339419285923,-0.9723370386352131,-0.7254218129686811,-0.19615790350341455
87,0.24914996783662713,-0.275,-0.48025419881979126,0.11009562494711012,0.42283304901992325,-0.017087174279929562,-0.0789203225171039,0.19999999999999996,0.3855421686746989,-0.9886794060547703,-0.9856025064240346,-0.7567683061314513,-0.23927969944293292
88,-0.03410399312406165,-0.18965517241379304,-0.4133324687114974,-0.20631293898620628,1.0,-0.017087174279929562,-0.08953317374803338,0.19999999999999996,0.3855421686746989,-0.9886794060547703,-0.9937422490998059,-0.8092468019408912,-0.2228823126607814
89,0.2888055223711212,-0.2508620689655172,-0.2245639063614553,-0.1385715494626385,0.584344523479996,-0.05668587206500686,-0.08953317374803338,0.19999999999999996,0.3855421686746989,-0.9115366249259311,-0.9937422490998059,-0.8557565063961183,-0.09133307423241355
90,0.39927456714578247,-0.3551724137931034,-0.28535762920692576,0.06998392146907007,0.38781421996202003,-0.09902955529039925,-0.11823362283822114,0.19999999999999996,0.3855421686746989,-0.8229555532725843,-0.9493107735502198,-0.7915471989413323,-0.1784279977051062
91,0.30013568080954234,-0.27586206896551724,-0.27718695285649453,-0.13848692561563836,0.42778975827995747,-0.0990281493569295,-0.13634234666900968,0.19999999999999996,0.3855421686746989,-0.8229583959137922,-0.9151601487586875,-0.754245699161888,-0.20381988784631622
92,0.12451822501392451,-0.25,-0.17343233253355828,0.08724718625708716,0.03073803469696479,-0.0990281493569295,-0.13634234666900968,0.19999999999999996,0.3855421686746989,-0.8229583959137922,-0.9151601487586875,-0.9053126378473756,-0.041030481372494654
93,0.4927483742628118,-0.36810344827586206,-0.09110952597107846,-0.2822205297452821,0.17712188998680367,-0.0990281493569295,-0.13634234666900968,0.19999999999999996,0.3855421686746989,-0.8229583959137922,-0.9151601487586875,-0.9544552271724747,-0.012813157391470598
94,0.09336028930824125,-0.2922413793103448,-0.2579275014590494,0.07078784801557081,0.47227139592519873,-0.08818260268533062,-0.13634234666900968,0.19999999999999996,0.3855421686746989,-0.8437460896862741,-0.9151601487586875,-0.8472099691221879,-0.13208594747654212
95,0.30438449022395275,-0.36724137931034484,-0.18098696582582208,-0.07831937039857828,0.20802085680260052,-0.07947241843190589,-0.12706212174036158,0.19999999999999996,0.3855421686746989,-0.8630604028922033,-0.9350281633499314,-0.9336402734891929,-0.008013621305498542
96,0.17125512857242908,-0.3224137931034483,-0.204202062123079,0.13277481594313278,0.22984325211625722,-0.04735234437221969,-0.11929829922375146,0.19999999999999996,0.3855421686746989,-0.9242409821312892,-0.9529553140027454,-0.8548604984561095,-0.18712638572724072
97,0.026795608482484523,-0.4189655172413793,-0.41910381946696074,0.055640179402555834,0.5428884096688016,-0.013179214627946245,-0.11929829922375146,0.19999999999999996,0.3855421686746989,-0.9963613938229648,-0.9529553140027454,-0.8171592412880461,-0.11926662101555208
98,0.2080781434973229,-0.39224137931034475,-0.09237403540626421,-0.3002877210798002,0.25173002027744706,-0.01834495165220451,-0.11929829922375146,0.19999999999999996,0.3855421686746989,-0.9861356181761521,-0.9529553140027454,-0.8677216585796208,-0.04787814853885575
99,0.045207115944926324,-0.49827586206896557,-0.15427015109266606,0.198062113903698,0.33734590749621796,-0.019341625482651725,-0.1088248058876421,0.19999999999999996,0.3855421686746989,-0.9841828313184625,-0.977141554809479,-0.9348808998676668,-0.01145596209723676
100,-0.05251550058650356,-0.6922413793103448,-0.5673432332533559,0.5232292460015233,0.8678425440149347,-0.02144679743224942,-0.22883391020648503,0.19999999999999996,0.25702811244979906,-0.9800315017535816,-0.7163619830680221,-0.9607686369651522,0.013232654118779275
101,-0.41649684042098556,-0.8956896551724138,-0.0630633551650348,0.28666328171278677,-0.4431748688403231,-0.02218125526877912,-0.40665260064880715,0.19999999999999996,0.20481927710843384,-0.9783769113909926,-0.3229494405277846,-1.0,0.03747709732940985
102,0.09619282891785153,-0.5637931034482758,-0.22907074768173286,0.12025048658712034,-0.1648266761080177,-0.018617400513023297,-0.38044939540018163,0.3333333333333335,0.2650602409638554,-0.985584607593995,-0.375202871954178,-0.7648323775915307,-0.11790942572131846
103,0.2618963960798484,-0.42499999999999993,-0.6966150055119642,-0.024329356012524395,0.6509704206765587,-0.011489691001512092,-0.09760538469317648,0.6000000000000001,0.3855421686746989,-1.0,-0.9997089504290867,-0.7262488972209971,-0.20122887864823347
104,-0.6530138978231597,1.0,0.08929382011542675,-0.30849623423880834,0.3806044610383339,-0.011489691001512092,-0.09760538469317648,0.6000000000000001,0.3855421686746989,-1.0,-0.9997089504290867,-0.7815394794883106,-0.23220994577387888
105,0.2732265545182795,0.8163793103448278,-0.2597756306335517,-0.19298468308369288,0.15369017348482394,-0.011489691001512092,-0.09760538469317648,0.6000000000000001,0.3855421686746989,-1.0,-0.9997089504290867,-0.765783524481694,-0.8164455055244018
106,0.24206861881260644,0.8689655172413795,-0.3784125543090592,-0.33236015909283223,0.27413177121889976,-0.011489691001512092,-0.09760538469317648,0.6000000000000001,0.3855421686746989,-1.0,-0.9997089504290867,-0.788955668284076,-0.9214430687419416
107,-0.02560637429524082,0.4405172413793106,-0.14934180662732655,0.5833968012185835,-0.24033602626412187,0.020259677040072033,-0.09481404442389929,0.6000000000000001,0.3855421686746989,-0.9793814925249438,-0.9977294439900887,-0.8443151742390826,-1.0
108,0.23073846037417534,0.193103448275862,-0.14331106932105575,0.3167893712448169,0.3896810325404745,0.051377149440845704,-0.06479203209841466,0.6000000000000001,0.3855421686746989,-0.9576737659121551,-0.9763285325523131,0.46082377591530665,0.31345659134232773
109,0.14859481169557687,-0.22672413793103452,0.0722715777186953,-0.045062198527545005,-0.07232289420322502,0.029917010972830393,-0.0008883906143116738,0.6000000000000001,0.3855421686746989,-0.9713168406291188,-0.928684992208859,0.8644822452580505,0.7937556678326207
110,0.2519825074462274,0.03706896551724137,-0.17022242396731746,0.12376237623762387,0.025652579741864745,-0.002226499976099139,0.051047439116645776,0.6000000000000001,0.3855421686746989,-0.9930200940214501,-0.8906800184476813,0.7096934274371416,0.6669689510731098
111,0.2746428243230796,0.09396551724137936,-0.012709940989559798,0.17220952864517236,0.09665583057066529,-0.03255905814468718,0.09117408566657281,0.6000000000000001,0.3855421686746989,-0.9571486047988924,-0.8606307214034269,0.663707543008381,0.5926563396442917
112,0.1315995740379352,-0.11120689655172411,-0.1783606769988978,0.029533722603029666,0.16199427081656959,-0.04662259465901264,0.07557402630925636,0.6000000000000001,0.3855421686746989,-0.92816041879313,-0.871100368659615,-0.38883987648875173,-0.6628356744952159
113,0.11460433638029333,0.0,-0.02846767395110561,-0.08530083777608521,0.24503524413402422,0.05118382534409038,0.04144437517509836,0.6000000000000001,0.3855421686746989,-0.9588117007745842,-0.8963764623996148,-0.4045544772827526,-0.68141691188718
114,0.317130918467184,-0.08706896551724141,-0.17975487970948723,0.21439451637471452,-0.007499436737584131,0.08247169283137779,-0.003271784833967728,0.6000000000000001,0.3855421686746989,-0.9372545319542691,-0.9293805482758172,-0.5581715924128805,-0.773138637499306
115,0.10893925716108277,-0.045689655172413746,-0.14917969003307197,-0.008589320470508532,0.024751359876403978,0.12501695104477162,-0.05417484726506072,0.6000000000000001,0.3855421686746989,-0.9079743196386142,-0.9666531921644002,-0.5253914865460962,-0.63618529417208
116,0.1967479850588918,-0.04137931034482745,0.04257181765125462,-0.16857070322416845,0.039299623418841856,0.11251794040536134,-0.10270630591802044,0.6000000000000001,0.3855421686746989,-0.9155537169224635,-0.9750944149394328,-0.5878363475959418,-0.6743841726352414
117,0.3029682204191526,0.1431034482758622,-0.19120031126386106,-0.10269103833460258,0.0956258650101387,0.03470044539278039,-0.11077291693655777,0.6000000000000001,0.3855421686746989,-0.9683375053552563,-0.9717073613309829,-0.5955282311424791,-0.5668572909148113
118,0.40918845577941343,0.22413793103448287,-0.28714091174372613,-0.22907675382922899,0.13785445299172805,-0.004741286646321341,-0.1095185188579213,0.6000000000000001,0.3855421686746989,-0.9875894512939152,-0.9746419761277455,-0.6119320688134099,-0.5334332722595451
119,0.39927456714578247,0.18879310344827593,-0.39050645224045144,0.1298129812981299,0.017670346647783886,-0.06758173264047085,-0.1095185188579213,0.6000000000000001,0.3855421686746989,-0.8886314169821827,-0.9746419761277455,-0.5988779223643582,-0.7396405900098089
120,0.2774753639326899,0.12758620689655165,-0.12920692562090674,0.091901497842092,0.14255367086163062,-0.07974506052179098,-0.10940557000039963,0.6000000000000001,0.3855421686746989,-0.8616680594425452,-0.9748432084127943,-0.6033028231142481,-0.4201691558862176
121,0.46442297816673905,0.02758620689655178,-0.3142468063030933,0.06287551832106297,0.5083845633911614,-0.046662237239007975,-0.10921602481833514,0.6000000000000001,0.3855421686746989,-0.9263521070880981,-0.9753127504112413,-0.5662494486104985,-0.6498436140876871
122,0.18683409642527082,-0.0344827586206895,-0.04840801504442016,-0.18473385800118458,0.263896488461167,-0.006071070882861074,-0.10921602481833514,0.6000000000000001,0.3855421686746989,-0.9911125150270818,-0.9753127504112413,-0.5485222761358625,-0.5441427769449534
123,0.3383749655392363,-0.1206896551724137,-0.29696517735555417,-0.1022679190996022,0.4721426502301329,-0.017948253854930818,-0.10921602481833514,0.6000000000000001,0.3855421686746989,-0.986937912312421,-0.9753127504112413,-0.6024343846493163,-0.3809708881609387
124,0.6471217829863876,-0.14568965517241372,-0.2740094676091045,-0.2798510620292797,0.386204898773697,-0.017948253854930818,-0.10921602481833514,0.6000000000000001,0.3855421686746989,-0.986937912312421,-0.9753127504112413,-0.5321735774150862,-0.3672015249939852
125,0.34828885417285727,-0.14827586206896548,-0.18471564749367753,-0.019082677498518996,0.36888860278734414,-0.01857131576407134,-0.10921602481833514,0.6000000000000001,0.3855421686746989,-0.9857103109980146,-0.9753127504112413,-0.6243934715483018,-0.2868062110191919
126,0.2803079035423004,-0.193103448275862,-0.23429090201673053,0.06710671067106722,-0.08455373523447818,-0.01896081169607511,-0.12017746002411944,0.6000000000000001,0.3855421686746989,-0.9848900732741868,-0.9537065503817743,-0.47539424349360393,-0.43682564358817755
127,-0.02560637429524082,-0.3310344827586207,-0.11338434602165892,0.21811796564271813,0.5110238501400108,-0.01896081169607511,-0.24699391003361282,0.6000000000000001,0.3092369477911645,-0.9848900732741868,-0.6733721875477807,-0.6778782531980592,-0.20257373580342874
128,-0.2946976372078882,-0.6,-0.11092017378898911,0.15452314462215466,0.02018088770156745,-0.01896081169607511,-0.28727901585871396,0.6000000000000001,0.14859437751004023,-0.9848900732741868,-0.5804582170632487,-0.6298108734009704,-0.23332037828734287
129,0.1570924305243977,-0.06896551724137923,-0.1033331171778743,-1.0,-1.0,-0.017174427603116493,-0.24512932004415,0.6888888888888889,0.1887550200803214,-0.9882268613188897,-0.6736250467001017,-0.5779940449933834,-0.2932467195972831
130,0.3383749655392363,0.9379310344827589,-0.261234679981843,0.1925192519251926,0.5815121181885481,-0.008784461132518073,-0.09760430365567974,1.0,0.3855421686746989,-0.9979956196724392,-0.9997089504290867,-0.2799335575650641,-0.5591582921547942
131,0.21799203213094387,0.8301724137931035,-0.1790091433759161,0.3453922315308453,0.45508384563391147,-0.024646174277985544,-0.09668198102059278,1.0,0.3855421686746989,-0.9735441890272466,-0.999026400550396,-0.3303925893250994,-0.6074127539343241
132,0.33270988632002574,0.45862068965517255,-0.0841709357369822,0.39688584243039693,0.04869805915864678,-0.024646174277985544,-0.09668198102059278,1.0,0.3855421686746989,-0.9733917549667618,-0.999026400550396,-0.2272689677988532,-0.518664519830474
133,0.484250755433991,0.3267241379310346,-0.10774268854159919,0.14309892527714307,0.06749493063825684,-0.024646174277985544,-0.10628422674589422,1.0,0.3855421686746989,-0.9733917549667618,-0.9797737181344033,-0.21767479047198957,-0.5137416023541168
134,0.32704480710081496,0.2637931034482759,0.0218208935866675,0.09697892866209701,0.10875792590685252,-0.024646174277985544,-0.12039328262017701,1.0,0.3855421686746989,-0.9733917549667618,-0.9505271870784583,-0.2659765108072343,-0.5437602946347602
135,0.41343726519382384,0.15603448275862064,-0.055995071655534634,0.012482017432512427,-0.19733496411213758,-0.023898387483410555,-0.12039328262017701,1.0,0.3855421686746989,-0.9748162895338971,-0.9505271870784583,-0.2261248345831497,-0.49745525882331165
136,0.1755039379868395,0.06810344827586201,-0.0605019129758122,0.41647626301091645,-0.03704657375519016,-0.022513628355338433,-0.12039328262017701,1.0,0.3855421686746989,-0.9777047125550112,-0.9505271870784583,-0.23504355977062208,-0.4804656413673125
137,0.32279599768640455,-0.1336206896551725,-0.09182283898579857,0.20529745282220535,-0.016254144002059934,-0.022513628355338433,-0.14194319311040082,1.0,0.3855421686746989,-0.9777047125550112,-0.9036405357037975,-0.27271724746360837,-0.5246238409860641
138,0.06786743282178875,-0.16982758620689653,-0.1430841060890995,0.16945925361766956,0.08185007563809577,-0.022513628355338433,-0.1687579671497461,1.0,0.3855421686746989,-0.9777047125550112,-0.8441787940104806,-0.29178153947948837,-0.47313678677845017
139,0.26472893568945866,-0.16206896551724137,-0.14438103884313602,0.013793687061013804,0.14326177218449265,-0.022513628355338433,-0.17676964226366387,1.0,0.3855421686746989,-0.9777047125550112,-0.8271736956244772,-0.2966475518306132,-0.4866964015817494
140,0.10469044774667235,-0.15603448275862064,-0.041242461578367196,0.136032834052636,0.03112427178216204,-0.022513628355338433,-0.19890557697433253,1.0,0.3855421686746989,-0.9777047125550112,-0.776426231536397,-0.38528341420379364,-0.38493143079229364
141,0.3525376635872677,-0.08879310344827585,-0.2302379871603658,0.1741981890496742,-0.03434291415880786,-0.022513628355338433,-0.20163952324200363,1.0,0.3855421686746989,-0.9777047125550112,-0.7718678456029122,-0.3371057565063962,-0.4584790776007255
142,0.13018330423313507,-0.019827586206896508,-0.15368653135334953,0.1502496403486504,0.05545720814960231,-0.022513628355338433,-0.23014649779443686,1.0,0.3855421686746989,-0.9777047125550112,-0.7071495196219186,-0.32788376709307465,-0.44774489663724015
143,0.19958052466850207,-0.12758620689655165,-0.1615329745152715,0.05276296860455276,0.04406321413627734,-0.022513628355338433,-0.2811938818600851,1.0,0.3855421686746989,-0.9777047125550112,-0.5962541634039014,-0.3655161005734452,-0.4134572082492798
144,0.2123269529117333,-0.1637931034482758,-0.13056870501264517,0.18046035372768032,-0.011361807589558848,-0.022513628355338433,-0.34069604893836714,1.0,0.3855421686746989,-0.9777047125550112,-0.46470675098320147,-0.37461402734891935,-0.45877519293764923
145,0.18116901720606027,-0.19827586206896552,-0.009759418974126244,0.04628924430904635,-0.04470694261160646,-0.0307945529150081,-0.3731811247218364,1.0,0.3855421686746989,-0.9632519664081718,-0.3898435105095316,-0.4330061755624174,-0.3486202876020209
146,0.17125512857242908,-0.21810344827586203,-0.19324298035146892,0.17411356520267396,0.2476101580353407,-0.11780769507772393,-0.36582664055166725,1.0,0.3855421686746989,-0.7865331393945789,-0.4060997666281745,-0.41911116012351146,-0.3571706179556937
147,-0.007194866832799018,-0.29568965517241375,-0.11205498994877128,0.136075145976136,0.1816923621616402,-0.12486693967927498,-0.39415621296217285,1.0,0.3855421686746989,-0.7707583068768713,-0.3445263768572312,-0.4896614468460522,-0.3463624081579775
148,0.2080781434973229,-0.2844827586206896,-0.10197133778613587,0.13848692561563847,-0.022691428755351017,-0.1257920196022535,-0.4286025972881554,1.0,0.3855421686746989,-0.7688299750025044,-0.2697740614707649,-0.547033524481694,-0.291753804773626
149,0.1896666360348811,-0.2405172413793103,-0.1169509110952599,0.06778370144706791,-0.020245260549100474,-0.1257920196022535,-0.4823867055795026,1.0,0.3855421686746989,-0.7688299750025044,-0.14847194809945452,-0.634690670489634,-0.22773120130290736
150,0.09619282891785153,-0.20948275862068966,-0.13235198754944566,0.11711940424811718,0.3152016479448967,-0.1257920196022535,-0.5064619175444756,1.0,0.3855421686746989,-0.7688299750025044,-0.09520722941627957,-0.6277845169827967,-0.3411803897618122
151,-0.1488218473131434,-0.221551724137931,-0.10414370014914742,0.22852669882372867,0.13688886027873437,-0.1087491343962701,-0.5066881468964073,1.0,0.3855421686746989,-0.8013129515386659,-0.09391862675851004,-0.539741398323776,-0.29169211407843354
152,0.062202353602567984,-0.2456896551724137,-0.02739770442902545,0.008166201235508153,0.013164247320480271,-0.0784623576414255,-0.5066967808286749,1.0,0.3855421686746989,-0.8645515554269224,-0.09389950963821803,-0.716530657256286,-0.14256102752021904
153,-0.08084089668257644,-0.17068965517241375,-0.18092211918812018,0.3614284505373615,-0.2807621745147897,-0.0784623576414255,-0.5066967808286749,1.0,0.3855421686746989,-0.8645515554269224,-0.09389950963821803,-0.660702470224967,-0.23813225251235348
154,0.06503489321217848,-0.26724137931034475,0.02305297970300213,-0.013920622831513851,-0.09865138884418556,-0.02869410292025454,-0.5066967808286749,1.0,0.3855421686746989,-0.9625430191797582,-0.09389950963821803,-0.6298935818262021,-0.3697185053578369
155,-0.008611136637599048,-0.4379310344827586,-0.15274625510667283,0.3446729288313446,0.07090669155750096,-0.0791984835775168,-0.5005216366342624,1.0,0.3855421686746989,-0.8677059182982558,-0.10709902264657079,-0.6859285399206001,-0.17217256121259228
156,0.09194401950344111,-0.30431034482758623,0.00771674988651827,-0.06727595836506728,-0.2852682738420934,-0.14814863209269136,-0.4936963292701455,1.0,0.3855421686746989,-0.7236149847959065,-0.12272796963718724,-0.7091971768857522,-0.15430693588486044
157,0.05512100457855751,-0.16120689655172415,0.026554698138901323,0.013497503596513472,-0.0066625897196562756,-0.12193780400273779,-0.47799779807625153,1.0,0.3855421686746989,-0.775328118628691,-0.15673271191271831,-0.7553622629025145,-0.1149112579349656
158,0.13584838345234562,-0.1870689655172414,-0.08715388107126654,0.08026571887958034,0.1445492291351509,-0.14129649873271588,-0.4565040662820399,1.0,0.3855421686746989,-0.7373305321200065,-0.20248436082437526,-0.6896504190560213,-0.15814409712583044
159,0.10044163833226194,-0.14827586206896548,-0.12648336683742967,0.17174409748667174,0.2416878560623128,-0.13552207435890706,-0.4046254414339855,1.0,0.3855421686746989,-0.7491514940269646,-0.31956893338829706,-0.6317545213939129,-0.2667443969426092
160,0.07211624223619917,-0.2456896551724137,-0.04263666428895674,0.20770923246170758,0.05577907238726687,-0.1768051757606609,-0.3620317611394376,1.0,0.3855421686746989,-0.669014787635648,-0.41358607243128365,-0.6669607410674901,-0.19803330063726476
161,-0.046850421367293005,-0.3810344827586206,-0.1328383373322095,0.13772531099263774,0.10888667160191812,-0.2430680513919482,-0.34987677917080495,1.0,0.3855421686746989,-0.5332087373944532,-0.4415493897270961,-0.6173632554036171,-0.22114263505635434
162,-0.27770239955025655,-0.44913793103448274,-0.06624084041242484,0.27913175932977907,0.06524188097460493,-0.27043502890992654,-0.3487037984926936,1.0,0.3855421686746989,-0.4769688503353031,-0.4450856420136935,-0.6570219453021615,-0.23894656968889383
163,-0.17289843399479576,-0.47241379310344833,-0.17978730302833812,0.06998392146907007,0.29582542083749064,-0.2707658734054458,-0.4236320729715177,1.0,0.3855421686746989,-0.47562853096417335,-0.28187315955152836,-0.5993741729157478,-0.23191383043695524
164,-0.04968296097690328,-0.42413793103448283,-0.07648660916931471,-0.013751375137513788,0.03910650487624312,-0.25888408549501096,-0.45911348864525636,1.0,0.3855421686746989,-0.49711081054228123,-0.19941541051698852,-0.7251323334803706,-0.15889672360717833
165,-0.41508057061618553,-0.38706896551724135,-0.13056870501264517,0.28547854785478544,-0.07689336637806177,-0.20456784660009186,-0.4819123087506568,1.0,0.3855421686746989,-0.6110718909227082,-0.15078789564381678,-0.7313354653727393,-0.13800825421501683
166,0.05795354418815757,-0.4793103448275863,-0.17378898904091833,0.261022256071761,-0.2526312401429077,-0.2625648956903823,-0.4966505811604346,1.0,0.3855421686746989,-0.49218202640791064,-0.11534637156442007,-0.8305855756506397,-0.08400421964355098
167,-0.04260161195288259,-0.42672413793103436,0.003404448479346067,0.1646780062621649,0.02616756252212804,-0.2622566363878356,-0.4641302025636662,1.0,0.3855421686746989,-0.4926492118381356,-0.1860869356473842,-0.8270704675782975,-0.07053097181352141
168,0.10893925716108277,-0.33965517241379306,-0.11678879450100532,0.009181687399509197,-0.008014419517847315,-0.2542320694188156,-0.4285943481079144,1.0,0.3855421686746989,-0.5082559408207658,-0.26595753302632885,-0.7663762681958537,-0.11862503778555078
169,0.2123269529117333,-0.19999999999999996,-0.08430062901238577,0.10459507489210451,0.14384112781228886,-0.218190774919517,-0.3682612812004372,1.0,0.3855421686746989,-0.5805913881786761,-0.39956142172655296,-0.7763288486987209,-0.11006236929283952
170,0.4120209953890137,-0.1499999999999999,-0.0009402762466766967,0.13615976982313627,-0.23106633621938266,-0.15379852674835293,-0.3781099772482335,1.0,0.3855421686746989,-0.7098858281320013,-0.3794400659410794,-0.6882443758270843,-0.16132733699776058
171,0.31146583924797344,-0.12844827586206875,0.01880552493353216,0.05521706016755523,0.09601210209533617,-0.1439805808997725,-0.3219058488851232,1.0,0.3855421686746989,-0.7320446336950424,-0.5004295693215662,-0.49098478164975745,-0.27422130919993326
172,0.4771694064099703,-0.10431034482758617,0.02473899228324994,-0.2419395785732419,-0.1690752840451898,-0.15266775008015565,-0.28641525965835035,1.0,0.3855421686746989,-0.7153539277670282,-0.5812006689215969,0.3464793780326425,0.24742287120833573
173,0.26472893568945866,0.01551724137931032,-0.10041501848129186,0.16125074045866117,0.12298432521162561,-0.16100668631872384,-0.25366676666670285,1.0,0.3855421686746989,-0.6982164989009747,-0.6532078531203781,0.9364799294221438,0.9401847019414062
174,0.30155195061435247,-0.019827586206896508,-0.04480902665196829,0.03875772192603888,0.060928900189899826,-0.19278284014112945,-0.23052525591672168,1.0,0.3855421686746989,-0.6346665103474032,-0.7054679750022779,0.9536419276576971,0.9237873151592546
175,0.4035233765601929,0.09396551724137936,-0.004020491537513826,0.04463907929254485,0.04470694261160624,-0.23291669542176696,-0.21699133236442292,1.0,0.3855421686746989,-0.5528248495425463,-0.7363210897179258,0.2394546757829732,0.04417670682730934
176,0.2944706015903318,0.02586206896551735,-0.07496271318332148,0.1452145214521452,0.003830184428208039,-0.2554627654894178,-0.21581456466164828,1.0,0.3855421686746989,-0.5072210774450333,-0.7388497080709262,-0.2957928981032202,-0.45733163067014604
177,0.2618963960798484,-0.05431034482758612,-0.14856364697490443,0.20157400355420152,0.23525057130902183,-0.26791064817212684,-0.21486578552290125,1.0,0.3855421686746989,-0.4818157439363465,-0.7410344722473563,-0.31418173797970894,-0.42791750720238864
178,0.24631742822701685,-0.055172413793103336,0.0024641722326697035,0.014724549378014817,0.06755930348578953,-0.2580880054643253,-0.2147553205542877,1.0,0.3855421686746989,-0.5012688051802907,-0.7412794282376254,-0.44231087340097053,-0.3376270057187274
179,0.2803079035423004,-0.12499999999999978,-0.058361973931651656,0.18794956418718778,0.03215423734268885,-0.2580880054643253,-0.18140087336870947,1.0,0.3855421686746989,-0.5012688051802907,-0.8134423826246544,-0.4323445081605647,-0.3518405418910666
180,0.4077721859746033,-0.07586206896551717,-0.03842163283833744,0.1284589997461285,-0.00543950561653106,-0.2580683501672749,-0.14646889629288384,1.0,0.3855421686746989,-0.5013085647129708,-0.8918304275603381,-0.4109230260255845,-0.38626394980845036
181,0.05087219516414687,-0.09396551724137936,-0.006192853900525375,0.10831852416010856,-0.022176445975087722,-0.25828065190693417,-0.11328564001457275,1.0,0.3855421686746989,-0.5008985815863944,-0.9644878684072417,-0.4351565946184385,-0.3341970030660275
182,0.44601147070429703,-0.018965517241379293,-0.05330393619090856,0.07341118727257334,-0.06099327303743285,-0.25833751179074826,-0.10715055094106674,1.0,0.3855421686746989,-0.5007642067225321,-0.9798929418100593,-0.5839076973974415,-0.23757703625562154
183,0.1825852870108604,0.08534482758620698,-0.1941832565981455,0.22966912075822976,0.22572338987415108,-0.25833751179074826,-0.10715055094106674,1.0,0.3855421686746989,-0.5007642067225321,-0.9798929418100593,-0.47258215703573014,-0.3023892806248033
184,0.3638678220256988,0.04482758620689653,0.037351663316256944,-0.018236439028518125,-0.16463355756541898,-0.25833751179074826,-0.10715055094106674,1.0,0.3373493975903614,-0.5007642067225321,-0.9798929418100593,-0.48172143802382006,-0.32089648918253655
185,0.1939154454492915,0.11120689655172411,-0.08397639582387662,0.12875518321062884,-0.061508255817696145,-0.25833751179074826,-0.10715055094106674,1.0,0.3132530120481929,-0.5007642067225321,-0.9798929418100593,-0.4891927657697399,-0.3152949740590626
186,0.404939646365003,0.13793103448275845,-0.2890863108747812,0.33604129643733605,0.04818307637838348,-0.2651892955766486,-0.0940946524507752,1.0,0.3132530120481929,-0.4873596338153905,-0.989894948316211,-0.46807454786060887,-0.3415135195158514
187,0.4927483742628118,0.06551724137931036,-0.039134945853057546,0.08534314969958534,0.049213041938910074,-0.2671231379712984,-0.052542383436300466,1.0,0.3132530120481929,-0.4829957583136051,-0.9663998885318779,-0.5052933392148213,-0.29354283493420685
188,0.26756147529906893,0.15948275862068972,-0.0018481291745023887,0.09274773631209277,-0.09260034117609195,-0.267626267752774,-0.0524262209919234,1.0,0.3132530120481929,-0.48255816942768015,-0.9663729397956428,-0.4991729157476843,-0.4498177039957063
189,0.19249917564448138,0.20517241379310347,-0.06954801893521834,0.1123804688161123,-0.27561234671215684,-0.29602285837221,-0.04306019878119083,1.0,0.3132530120481929,-0.4255652476783962,-0.9595552976658175,-0.39457432730480824,-0.42026786099852553
190,0.3525376635872677,0.2732758620689655,-0.05618961156864022,0.16264703393416258,0.08551932794747175,-0.30207527583026106,-0.03380700570718409,1.0,0.3132530120481929,-0.4119986879073384,-0.9528442985885793,-0.4888757168063521,-0.3671645105768697
191,0.28597298276151095,0.2163793103448277,0.04704623565268129,0.07243801303207231,-0.04502880684927102,-0.29810889103994787,0.005511555840789217,1.0,0.3132530120481929,-0.4203288030195246,-0.9237884480633969,-0.44351014556682844,-0.37197638480188033
192,0.34120750514884657,0.10689655172413803,-0.15936061215225994,0.325801810950326,-0.016962245324921965,-0.2378620868829393,0.01741233771111128,1.0,0.3132530120481929,-0.5384210617278173,-0.9152921768178677,-0.48548467137185725,-0.32581940665889353
193,0.36245155222089864,-0.0017241379310344307,0.11046624732507593,-0.16531268511466524,0.043870095593678604,-0.23235102277667763,0.07450559775965315,1.0,0.3132530120481929,-0.5549385000932381,-0.8727463471719369,-0.5295269078076754,-0.3002794588492217
194,0.2293221905693752,-0.00948275862068959,-0.008008559756176759,-0.019928915968519867,0.3003315201647945,-0.2758794420496904,0.07881929592102055,1.0,0.3132530120481929,-0.4659350370752299,-0.8691992418772185,-0.5317600352889282,-0.44321679961011484
195,0.29730314119994206,0.03275862068965529,0.04672200246417213,-0.1661166116611661,-0.08616305642280087,-0.3603658352288557,0.07117827554354661,1.0,0.3132530120481929,-0.29910089887489943,-0.874940212550012,-0.5636441332157036,-0.4544815205522551
196,0.6060499586470833,0.2646551724137933,-0.05732442772842239,-0.07996953541508,-0.22186101902217648,-0.44548096879855237,0.07115036045312118,1.0,0.3132530120481929,-0.12227708291794448,-0.8749703602916402,-0.5609147551830613,-0.30538744841115617
197,0.23640353959339588,0.5560344827586208,-0.05430905907528705,0.1902344080561904,0.22301973027776878,-0.4049582031600941,0.1328925368908953,1.0,0.3132530120481929,-0.2012672609958036,-0.8304611253007839,-0.5717082046757831,-0.2662261951029926
198,0.543734087235737,0.3017241379310345,-0.20958433305233137,-0.0875856816450874,0.46197174031993304,-0.300262702429541,0.13861684124374452,1.0,0.3132530120481929,-0.4119185291696975,-0.8248615386823959,-0.3994816938685489,-0.5846612255473507
199,0.5564805154789685,0.2689655172413794,-0.5052201543349979,0.15316916307015327,0.5986352956323022,-0.3260033817386392,0.13779377438505103,1.0,0.3132530120481929,-0.36941061177231094,-0.8257097857719411,-0.4384235774150861,-0.5978383580404567
200,0.317130918467184,0.12155172413793114,-0.1740159522728748,0.4699162223914699,0.20402974025555998,-0.44818111089156176,0.13684993168739856,1.0,0.3132530120481929,-0.11825538528099189,-0.8261073567670567,-0.38846768857520964,-0.5519404808172783
201,-0.022773834685630545,-0.19999999999999996,-0.3103560080409832,0.23546585427773548,0.10347935240915396,-0.41160601897822735,0.06257635028893072,1.0,0.3132530120481929,-0.18688166795701688,-0.8805501125399947,-0.4115846934274372,-0.48475931375270664
202,-0.012859946052009574,-0.2689655172413793,-0.060696452888917785,-0.10577980875010573,0.08577681933760317,-0.32687064481732653,-0.005209694887674532,1.0,0.3132530120481929,-0.364603065817406,-0.9299251357927596,-0.4136524040582268,-0.4505703304770542
203,0.3936094879265719,-0.20086206896551728,-0.23422605537902863,0.06461030718456473,0.203450384627764,-0.45654504266007145,-0.05099034064550623,1.0,0.3132530120481929,-0.10497542677481642,-0.9648298503115753,-0.518692104102338,-0.4260544482075769
204,0.10044163833226194,-0.11465517241379308,-0.21626353673562038,-0.17297114326817298,0.1332196079693584,-0.48756548004956113,-0.10874201217436963,1.0,0.3775100401606426,-0.03520281392772329,-0.9653397643483398,-0.5441249448610499,-0.4145799789017822
205,0.23640353959339588,-0.10431034482758617,-0.10557032617858775,0.0940170940170939,0.06401879687147938,-0.372710545306397,-0.03477926603222503,1.0,0.3855421686746989,-0.26580908388698565,-0.9538409313241775,-0.6256340979267756,-0.22043936113116047
206,0.16700631915801867,-0.17672413793103448,-0.13591855262304653,-0.1411102648726411,0.38910167691267805,-0.27605698078252106,0.019406599417755466,1.0,0.3855421686746989,-0.46389243866916763,-0.9141491740689691,-0.5908689898544333,-0.23800887112196867
207,0.1429297324763663,-0.1827586206896552,-0.3128201802736529,0.009943302022509926,0.4002381795358716,-0.34011198312157787,0.08006740729673356,1.0,0.3855421686746989,-0.3416467722411701,-0.8684148353806246,-0.4615819364799296,-0.39448115040808396
208,0.1755039379868395,-0.18103448275862066,-0.12894753907009926,-0.0395193365490395,0.24426276996362928,-0.44106829096764,0.1353457714677886,1.0,0.3855421686746989,-0.132357225936809,-0.8286514737958927,-0.6642175782973092,-0.21688597708807578
209,-0.03410399312406165,-0.27155172413793105,-0.023766292717722792,0.2486248624862486,-0.1097878914673791,-0.42723015184127755,0.18273830650025902,1.0,0.3855421686746989,-0.15844106451405815,-0.7924883124098727,-0.6295627481252759,-0.2606740325356727
210,0.4955809138724223,-0.2706896551724137,-0.35519745801180214,0.17495980367267516,0.17602755157874417,-0.30512002783817704,0.18273830650025902,1.0,0.3855421686746989,-0.39986708156070816,-0.7924883124098727,-0.6990516100573445,-0.17429472112721234
211,0.17408766818203958,-0.057758620689655094,-0.011413008235523048,-0.22780739612422762,0.22295535743023587,-0.2239748152996851,0.25270217639750836,1.0,0.4176706827309238,-0.5701137871285245,-0.7424220947198121,-0.5563244375827086,-0.3150852256954083
212,0.1613412399388081,-0.04482758620689642,0.03196939238700458,0.05496318862655514,0.032604847275419235,-0.3069582505568307,0.2803305902659421,1.0,0.45783132530120474,-0.40813779764102354,-0.7198711082002756,-0.56240350683723,-0.2860289082597671
213,0.1570924305243977,-0.12758620689655165,-0.27848388561053117,0.31471608699331477,0.3305223856577293,-0.4317348274784246,0.27468603847466055,1.0,0.45783132530120474,-0.15286916322982902,-0.7246298223442909,-0.5428016100573445,-0.3914829826217312
214,0.07211624223619917,-0.14655172413793094,0.05417936579988303,0.039857831937039956,-0.2001673694035856,-0.4872872371373056,0.2756175836264094,1.0,0.45783132530120474,-0.037726261787994875,-0.7238358501329398,-0.5521614468460521,-0.383401501551521
215,0.006967831215232367,-0.11206896551724144,-0.14438103884313602,0.23487348734873503,0.19250700054716918,-0.49567738522572435,0.2756680611564266,1.0,0.45783132530120474,-0.021357010683186073,-0.7237940350096066,-0.6143030436700486,-0.3624266651860899
216,0.22224084154535428,-0.00948275862068959,-0.0891317035211725,0.10104087331810097,-0.09324406965142096,-0.5061307030736553,0.275658033405497,1.0,0.45783132530120474,-0.0010272645370916766,-0.723805153274926,-0.6448224525805029,-0.2536042788666186
217,0.18116901720606027,0.0620689655172415,-0.0766811490824203,0.20809003977320817,0.11216968682609663,-0.5391471540458275,0.27566342961316415,1.0,0.45783132530120474,0.06637223903743417,-0.7238011645793561,-0.7450650639611823,-0.1775766661114503
218,0.08344640067462028,0.030172413793103425,-0.11996627974839513,0.2779047135482777,-0.023850140010943433,-0.5750848963957791,0.2756677465792978,1.0,0.45783132530120474,0.13855587344104214,-0.7237979736229001,-0.7327001543890606,-0.19223437528917509
219,0.07919759126020987,0.006896551724137945,-0.07275792750145904,0.23715833121773722,0.022884547297949753,-0.6260367584834952,0.2759052861889142,1.0,0.45783132530120474,0.24123056362113626,-0.7236356140380247,-0.821129245699162,-0.3076946804113536
220,0.10752298735628263,0.022413793103448265,-0.0646845211075806,0.10091393754760092,-0.0340854227686761,-0.6828032096292395,0.2766129637370196,1.0,0.45783132530120474,0.356799961095444,-0.723099300828574,0.20240130127922362,0.04317731756519172
221,-0.1304103398506915,-0.26206896551724135,-0.04623565268140861,0.2773123466192773,-0.03369918568347885,-0.7032909396370622,0.2766751725741088,1.0,0.45783132530120474,0.39912906668775827,-0.7230533181443985,-0.5294441993824439,-0.6481039364832601
222,-0.2210516073581107,-0.26724137931034475,-0.04117761494066552,0.06854531607006864,0.001255270526891783,-0.7032909396370622,0.2766751725741088,1.0,0.45783132530120474,0.39912906668775827,-0.7230533181443985,-0.47675893250992507,-0.5000462680213943
223,-0.5340472342196726,-0.27672413793103445,-0.11127683029634916,0.2311500380807312,-0.041230808844829214,-0.7032909396370622,0.2766751725741088,1.0,0.45783132530120474,0.39912906668775827,-0.7230533181443985,-0.5339104543449493,-0.5893497183819765
224,-0.13465914926510192,-0.23534482758620678,-0.012515401076454324,0.08932047050858949,0.005761369854195397,-0.6849521008302621,0.26544073523702116,1.0,0.45783132530120474,0.3632148817977483,-0.7310652696321247,-0.6235250330833702,-0.3127903318342494
225,-0.478812711832337,-0.28706896551724137,-0.055411451916218324,0.22205297452822204,-0.1397212655701825,-0.6748675471813915,0.2597629253837763,1.0,0.45783132530120474,0.3416442712785708,-0.7355542835641156,-0.6427960961623291,-0.306016693502119
226,-0.34993215959522384,-0.3181034482758621,0.035568380779456454,0.03841922653803853,-0.0606714087997684,-0.6748675471813915,0.2217187611553888,1.0,0.45783132530120474,0.3416442712785708,-0.7631302859995202,-0.637461402734892,-0.32370958488331203
227,-0.27062105052623575,-0.29051724137931034,-0.15777186952856503,0.008758568164508818,0.18890212108532634,-0.6830996058618839,0.15212096466267022,1.0,0.45783132530120474,0.35611986152670916,-0.8152324304957131,-0.6396669607410677,-0.2881510681743872
228,-0.30319525603670905,-0.1879310344827586,-0.2662278710848843,-0.09452483709909454,0.3644468763075732,-0.7885302211821477,0.15507803806782028,1.0,0.45783132530120474,0.566831929770786,-0.8129782236660066,-0.7406815174239083,-0.17676234893491016
229,-0.24087938462536274,-0.23448275862068957,-0.13225471759289298,0.17682152830667697,0.24522836267662296,-0.8418937717864723,0.14686892527366457,1.0,0.45783132530120474,0.6805742359905422,-0.8185693016633964,-0.6571873621526247,-0.2757389003016675
230,-0.11058256258344945,-0.1974137931034483,-0.24907593541274886,-0.04125412541254114,0.02249831021275228,-0.8450077466355608,0.11576623448350731,1.0,0.4979919678714859,0.6852047643431132,-0.8418682884420248,-0.7097899205999119,-0.32011918642311177
231,-0.30036271642710877,-0.24827586206896546,-0.14768821736592963,0.11703478040111692,0.09781454182625748,-0.8743801985691833,0.07632240287832825,1.0,0.5301204819277108,0.7451474490046919,-0.8703096732600506,-0.7134428760476401,-0.25967464327355505
232,-0.3442670803760133,-0.2362068965517241,0.12547824395305085,0.08673944317508675,-0.44233802182239534,-0.8745170566459968,0.03709455750980961,1.0,0.5301204819277108,0.7454241369094015,-0.900143282753986,-0.6953573003970006,-0.2979845649880629
233,0.32279599768640455,-0.4172413793103449,-0.15024965955515224,0.19226538038419227,0.09517525507740832,-0.892988870144652,0.03735498381544233,1.0,0.5301204819277108,0.7812118851125338,-0.8999507700615241,-0.7527983017203353,-0.15892139988525522
234,0.006967831215232367,-0.48362068965517235,-0.2429155048310746,0.1399255310146399,0.2813415301425859,-0.9553473123157503,0.03749700087005259,1.0,0.5582329317269077,0.9067103568554964,-0.8998457940332737,-0.800727834142038,-0.15762589528621385
235,0.11743687598990382,-0.4422413793103448,-0.3515011996627976,-0.11529999153761517,0.3827931378544529,-1.0,0.03749700087005259,1.0,0.5662650602409638,1.0,-0.8998457940332737,-0.7921812968681077,-0.2729504808789689
236,-0.11766391160746015,-0.22844827586206895,-0.08751053757862659,0.011635778962511667,0.17821622839486295,-0.9128002153959505,0.03749700087005259,1.0,0.5662650602409638,0.824283459881118,-0.8998457940332737,-0.5236959638288489,-0.3699035774434142
237,0.07494878184579945,-0.19999999999999996,-0.26862719667985224,-0.17563679444867564,0.4574656409926292,-0.8670712329904614,0.03749700087005259,1.0,0.5662650602409638,0.7344459876191509,-0.8998457940332737,-0.48072893692104113,-0.3379601354727666
238,0.3468725843680571,-0.17672413793103448,-0.34157966409441676,0.06004061944656014,0.7215230615726285,-0.7362801606286511,0.03749700087005259,1.0,0.5662650602409638,0.4687836990034877,-0.8998457940332737,-0.3240791795324218,-0.4866470490255954
239,-0.055348040196113835,-0.4172413793103449,-0.22971921405875106,0.17149022594567165,0.3363803147832243,-0.7207415941494283,-0.028037699886179324,1.0,0.5662650602409638,0.43442208922872116,-0.9472579426343755,-0.358609947066608,-0.5064867765994855
240,0.04379084614012618,-0.38189655172413794,-0.12298164840153047,-0.16950156554116946,0.4491615436608838,-0.7216812251945315,-0.13197424458621965,1.0,0.5662650602409638,0.4357707805058453,-0.9275059999785424,-0.3848698720776357,-0.45974990592168985
241,-0.048266691172093146,-0.43017241379310334,-0.18024122949225085,0.08800880088008811,0.42012938942354094,-0.8150040016453703,-0.1707139484495781,1.0,0.5662650602409638,0.6206128292134339,-0.8413034833362032,-0.4293670048522277,-0.516443654803546
242,0.014049180239253278,-0.3801724137931034,-0.2354257181765126,0.12359312854362381,0.09388779812675008,-0.8282629609824417,-0.23840206637101202,1.0,0.6224899598393574,0.6542053844078783,-0.6874345457348688,-0.5827497794441995,-0.330446208798327
243,-0.2026400998956689,-0.4051724137931034,-0.15407561117956037,-0.06858762799356843,0.29794972480607673,-0.7515227474481092,-0.22159720613308098,1.0,0.6385542168674698,0.4998161796389795,-0.7261075678727942,-0.7128914865460962,-0.15747783761775203
244,-0.1700658943851956,-0.4232758620689654,-0.1479800272355879,-0.11318439536261304,0.27908848047893375,-0.7151125333449233,-0.22167571732490277,1.0,0.6385542168674698,0.42358976337597953,-0.725945977408589,-0.5822673136303487,-0.29254344567208923
245,-0.21255398852928986,-0.4612068965517241,-0.17761494066532668,-0.04616230853854619,0.30683317776561836,-0.7132626071269231,-0.22172282403999588,1.0,0.6385542168674698,0.4187791438737749,-0.7258290102524909,-0.49321790913101027,-0.39388891973423645
246,-0.22954922618693152,-0.471551724137931,0.011413008235522826,-0.0473470423965473,0.20293540184750047,-0.7200586738272767,-0.22923672379980986,1.0,0.6385542168674698,0.4330408464333959,-0.7091669410269898,-0.5291960741067492,-0.3277811707660133
247,-0.3555972388144394,-0.46465517241379306,-0.3598015692886325,0.0044427519675045435,0.4384112781228877,-0.7235143032381182,-0.2510178651158318,1.0,0.6385542168674698,0.44002973727220174,-0.6608672772544852,-0.5979681296868109,-0.2528639905243092
248,-0.15873573594676438,-0.41982758620689653,-0.06996952208028029,-0.08360836083608347,0.3201583572049307,-0.7129199569559872,-0.30131910127037287,1.0,0.6385542168674698,0.41922749485577704,-0.5527161149701272,-0.6198720776356419,-0.27665192259051563
249,-0.1261615304362811,-0.403448275862069,-0.34177420400752223,0.13311331133113313,0.32144581415558915,-0.7144204246979025,-0.3425512820731226,1.0,0.6385542168674698,0.4214075728765272,-0.4589341175799244,-0.5918063520070579,-0.37264264430995864
250,-0.2465444638445733,-0.4413793103448276,-0.3342519940341093,0.11043412033511046,0.5801602883903569,-0.7175916366606907,-0.397326405112465,1.0,0.6385542168674698,0.4280513652004776,-0.3392882680106829,-0.5915582267313632,-0.3402550293339256
251,-0.09500359473060793,-0.4051724137931034,-0.40645872511510284,-0.05339764745705333,0.8023109852264314,-0.7178682317957766,-0.43386362390374233,1.0,0.6385542168674698,0.42854783826009646,-0.25696335148188476,-0.5909379135421262,-0.31378972109636705
252,-0.2762861297454463,-0.4362068965517242,-0.2755657869139486,-0.022298383684522194,0.3687598570922783,-0.7140530722180464,-0.5042361391703156,1.0,0.6385542168674698,0.4217202072430537,-0.09935597363175486,-0.6041023378914866,-0.2503963627166116
253,-0.21963533755331055,-0.4844827586206898,-0.20617988457298497,-0.012608953203012585,0.5379960732563005,-0.6809354912363943,-0.549106641607872,1.0,0.6385542168674698,0.35391640582436756,-0.003456663947918992,-0.8127619100132335,-0.10062369292839546
254,-0.0652619288297348,-0.46293103448275863,-0.24576875688995536,-0.10869933147160848,0.46049116482667607,-0.6901683616322862,-0.621792421567888,1.0,0.6385542168674698,0.3712144423584931,0.16081704406069752,-0.7386965152183503,-0.18194436733107555
255,-0.16440081516597493,-0.45431034482758614,-0.26363400557681094,0.07366505881357366,0.45823811516302415,-0.7077560547363804,-0.6443990955433267,1.0,0.6385542168674698,0.40844846150489067,0.20916814769683234,-0.7069778341420381,-0.36164936242666523
256,-0.30036271642710877,-0.42499999999999993,-0.20611503793528307,-0.11483456037911466,0.18072676944864674,-0.7068226445129506,-0.6885812175617745,1.0,0.6385542168674698,0.4062717409835257,0.3091210295311926,-0.7167512130569034,-0.1982307108618806
257,-0.22388414696772097,-0.42155172413793096,-0.29715971726865964,0.09968689176609957,0.43802504103769024,-0.6923079077150361,-0.6932712126423689,1.0,0.6385542168674698,0.37758219581107255,0.31982925837707943,-0.8144987869430967,-0.14300520052560461
258,-0.3187742238895507,-0.45862068965517244,-0.28289345697425605,0.2134213421342135,0.36933921272007475,-0.6979132429583099,-0.7040650653522853,1.0,0.6385542168674698,0.38805659537946857,0.3410725286958598,-0.8648268636965153,-0.07441748561064554
259,-0.1700658943851956,-0.525,-0.286849101874068,0.18642633494118654,0.16971901252051858,-0.7032810020595825,-0.7866722159362721,1.0,0.6385542168674698,0.39904610275314045,0.5242450912821723,-0.725256396118218,-0.2345788684692688
260,-0.14315676809392275,-0.5310344827586206,-0.2604240970105701,-0.04489295083354483,0.3652837233255013,-0.7127436355416833,-0.8827572784049015,1.0,0.6385542168674698,0.4168295038916707,0.7356066061278641,-0.6935790692545215,-0.20759535839209364
261,-0.24937700345418357,-0.5043103448275862,-0.2893456974255886,0.13370567826013358,0.4235411503427853,-0.7158823339911944,-0.9760089224140135,1.0,0.6385542168674698,0.42686710901591063,0.9442528545626381,-0.7532531980591091,-0.29856445752287175
262,-0.43349207807862733,-0.3948275862068965,-0.11260618636923692,-0.0003384953880003483,0.09614084779040177,-0.6810055090374791,-1.0,1.0,0.6385542168674698,0.3538503978857146,1.0,-0.7816635421261581,-0.10624988432994642
263,-0.01852502527122013,-0.2586206896551724,-0.10647817910641344,0.19708893966319718,-0.1511152595835077,-0.6898593844358096,-0.9803921684968796,1.0,0.6385542168674698,0.37144061924364435,0.9578085527194262,-0.7279444199382444,-0.15803305387448396
264,-0.05959684961052425,-0.10172413793103463,-0.05100188055249344,0.05187441821105199,0.031253017477228084,-0.7016747386919324,-0.9504846307487856,1.0,0.6385542168674698,0.39586044742587556,0.8912680442903023,-0.6198445081605648,-0.22917476357041067
265,0.018297989653663693,-0.19482758620689655,0.00045392646391273495,0.014809173225014849,-0.10534616498760829,-0.7012696447091564,-0.9410206504301247,1.0,0.6385542168674698,0.3950411676502923,0.8692133981691863,-0.5113586237318043,-0.41913275220698465
266,0.07211624223619917,-0.2163793103448276,-0.25504182608131776,-0.06655665566556657,0.1566513244713379,-0.6459570421714778,-0.9410206504301247,1.0,0.6385542168674698,0.28710082007039506,0.8692133981691863,-0.5532642258491399,-0.3322969296541002
267,-0.04401788175768273,-0.22758620689655173,-0.18458595421827384,0.09748667174409764,0.07876017895651621,-0.541230749762218,-0.9662510138094907,1.0,0.6385542168674698,0.07397265033578915,0.9228231551170336,-0.533207432730481,-0.2777376788259027
268,0.07494878184579945,-0.08362068965517244,-0.11143894689060374,0.11779639502411787,0.10174128552576511,-0.5211161348257567,-0.9394903343321852,1.0,0.6385542168674698,0.027575965442063977,0.8683637881262669,-0.40947562858403175,-0.4790220790998093
269,0.20949441330212304,-0.16982758620689653,-0.2615264898515013,0.035584327663535475,-0.0009334062892272232,-0.5064319227573904,-0.919315897152289,1.0,0.6385542168674698,0.005941831408964315,0.822110283326656,-0.24456881340979275,-0.5419712644741793
270,0.34120750514884657,-0.17068965517241375,-0.0004215031450619522,-0.19150376576119144,0.14808973574946083,-0.37549741839372,-0.9054057524212566,1.0,0.6385542168674698,-0.25906180522546174,0.790028758410098,-0.24480315394794894,-0.5453889289878407
271,0.25339877725102755,-0.14137931034482754,-0.05706504117761513,0.18553778454768555,0.09826515175898809,-0.264564328642121,-0.903957278644948,1.0,0.6385542168674698,-0.48582973243019467,0.787202261410092,-0.27395787384208214,-0.5697444154498177
272,0.10185790813706208,-0.19137931034482758,-0.14162505674080816,0.148853346873149,0.16109305095110882,-0.22660680144095335,-0.8849774669854691,1.0,0.6385542168674698,-0.5649377680975253,0.7473420711102581,-0.2507168063520071,-0.5502378176299668
273,-0.1417404982891226,-0.3405172413793103,-0.2716749886518385,0.11102648726411113,0.29054684733979186,-0.22655547966214828,-0.8288798955751058,1.0,0.6385542168674698,-0.5650242486695098,0.6169250907871269,-0.2694640494044994,-0.5645253826365368
274,-0.16156827555637465,-0.3112068965517242,-0.17602619804163178,-0.1574003554201573,0.005375132768997926,-0.2121035493259087,-0.9732096050831637,1.0,0.6385542168674698,-0.5919748010622132,0.9373905152533486,-0.37068537715041916,-0.6413673125682453
275,0.019714259458463834,-0.23706896551724133,-0.0949354775954867,0.25911821951425895,0.005890115549261221,-0.12214474543300735,-0.9251218575003163,1.0,0.6385542168674698,-0.7740276648822293,0.8361353568688901,-0.30116894574327313,-0.5869561194085096
276,0.31571464866238386,-0.38620689655172413,-0.5883859671876015,0.01341287974951344,0.27400302552383393,0.00475324168228064,-0.8999100778858125,1.0,0.6385542168674698,-0.9552673549691223,0.7780507324434296,-0.3078269739744156,-0.5914718782965965
277,0.3468725843680571,-0.25689655172413794,-0.2732637312755334,-0.17826013370567817,0.23943480639866088,0.13270261885020984,-0.8760669827047237,1.0,0.6385542168674698,-0.903687549609462,0.7290610958834387,-0.09514225849139835,-0.3692866704914898
278,0.14434600228116645,-0.28189655172413797,-0.13475131314441358,0.3366759752898367,0.07412533393414655,0.17852032549338537,-0.8070570703697229,1.0,0.6385542168674698,-0.8725846582178154,0.5722078712577638,0.897689677988531,0.8627505413358503
279,0.14717854189077673,-0.25172413793103443,-0.05816743401854618,-0.04459676736904461,-0.02674691814992447,0.24938823264003118,-0.8062060182457057,1.0,0.6706827309236949,-0.8245922796166052,0.5715718692775087,-0.031332708425231726,-0.30279643921307353
280,0.03387695750650521,-0.37241379310344824,-0.24751961610790485,0.2010239485487011,0.07850268756638434,0.22870702535813336,-0.8103516124391192,1.0,0.7108433734939759,-0.8373533453298149,0.5758538323477138,-0.26446708204675784,-0.5617122869357615
281,0.2987194110047422,-0.3370689655172414,-0.40649114843395373,0.0498434458830499,0.31333483536644247,0.2381730689521151,-0.9547029232326496,1.0,0.7325301204819277,-0.8321455561169027,0.8952727275537082,-0.35098698720776367,-0.6257225522674416
282,0.12593449481872465,-0.331896551724138,-0.033363595097594234,-0.1697977490056698,0.06479127104187454,0.2242741761426581,-0.965315335598237,1.0,0.7831325301204819,-0.8397945968622054,0.9254896785948952,-0.20241508601676228,-0.5194048081727833
283,-0.014276215856809604,-0.2974137931034483,-0.19642046559885873,0.10556824913260554,0.5736586307895328,0.19174790647827744,-0.8657099082387227,1.0,0.7831325301204819,-0.8629878000883551,0.7030622701813498,-0.24046096162329078,-0.5465363759184202
284,-0.13890795867951233,-0.3982758620689655,-0.12463523766292728,0.1801218583396802,0.1407512311307091,0.19233684333013357,-0.8370310874604175,1.0,0.7831325301204819,-0.8625907477029047,0.6395454233726932,-0.2674859395677107,-0.5644143393851905
285,0.062202353602567984,-0.4043103448275861,-0.26755722715777197,0.13273250401963277,0.29653352216035267,0.19150860155882476,-0.8223400887335934,1.0,0.7831325301204819,-0.8631053219278881,0.6057294125777695,-0.3394009153065727,-0.6194917920530046
286,0.018297989653663693,-0.3275862068965517,-0.07437909344400495,-0.004950495049504844,0.0772152306157261,0.21876723309932578,-0.8344963846666938,1.0,0.7831325301204819,-0.8450269101742501,0.6328191304203559,-0.37610277900308786,-0.6461051579590251
287,-0.11058256258344945,-0.2405172413793103,-0.14175475001621174,0.012101210121012063,0.0754771637323377,0.27198210189992866,-0.8372153183458595,1.0,0.7831325301204819,-0.8098741225193105,0.6391044990129033,-0.3276356418173799,-0.611903836544334
288,0.05653727438335743,-0.3310344827586207,-0.213669671227547,0.07290344419057293,0.32151018700312206,0.37122359905730473,-0.8357992469817244,1.0,0.7831325301204819,-0.7424750620348521,0.6358850099687496,-0.28992059991177777,-0.580959783835804
289,-0.09925240414501835,-0.2982758620689655,-0.167207055314182,0.10121012101210125,0.04837619492098222,0.3951103925074646,-0.835792742494635,1.0,0.7831325301204819,-0.7258913927815862,0.6358705862731999,-0.23986132554036177,-0.5416874872762941
290,0.16700631915801867,-0.12499999999999978,-0.07035860190649135,0.07256494880257258,-0.022948920145482665,0.4214897201616137,-0.8070775604719842,1.0,0.7831325301204819,-0.7085197539946784,0.573242423699365,-0.26596272606969573,-0.563242216176534
291,-0.17856351321401642,0.05258620689655191,-0.027203164515919864,0.13662520098163666,0.2705268917570567,0.42862338909531617,-0.799223644941112,1.0,0.7831325301204819,-0.7032986483650603,0.5547786381479083,-0.3713883987648876,-0.6436992208465196
292,-0.14032422848432258,0.02586206896551735,-0.2664548343168407,0.4283236015909284,-0.1707489780810455,0.45757846740338026,-0.7972325701427626,1.0,0.7831325301204819,-0.6844992104981392,0.5503634276045297,-0.3953324878694311,-0.6616882275646365
293,0.11885314579470374,-0.11896551724137938,-0.03566565073600936,0.12147753236862147,0.012520518845151152,0.5357312853592269,-0.7588980917567474,1.0,0.7831325301204819,-0.6322850510113096,0.46626608501128963,-0.36696349801499795,-0.6403309088890122
294,-0.08225716648737658,-0.18534482758620685,-0.10031774852473907,0.13924854023863942,0.2492194792236635,0.6078869090722767,-0.8188524926162456,1.0,0.7831325301204819,-0.5825738043443678,0.5966835561407275,-0.40036391707101904,-0.6646617190729123
295,-0.02702264410004096,-0.1491379310344827,-0.10855327151287208,0.23440805619023442,0.14139495960603798,0.6361547490488599,-0.8632928621307367,1.0,0.7831325301204819,-0.5644516577288522,0.6968520393123456,-0.3756065284516984,-0.641811485573631
296,-0.05251550058650356,-0.26637931034482754,-0.1984631346864666,0.30316493187780313,-0.14377675496475584,0.6170098926338945,-0.9204638481381913,1.0,0.8313253012048194,-0.5755169397447785,0.8219647914524093,-0.5253087781208646,-0.760997908685433
297,0.32987734671041524,-0.2017241379310345,-0.21626353673562038,-0.16027756621816025,0.2835302069587049,0.6839210412951933,-0.9188173708057866,1.0,0.8554216867469879,-0.5317054295262263,0.8224398719245771,-0.5287411777679755,-0.7645883071456332
298,0.2703940149086692,-0.1491379310344827,-0.18121392905777856,-0.018955741728018838,0.2770285493578808,0.6604875531957781,-0.8248414802292243,1.0,0.8554216867469879,-0.5456353824393647,0.6145742430508541,-0.379797088663432,-0.6454635747290236
299,0.22507338115496478,-0.17672413793103448,-0.2765060631606252,-0.03918084116103915,0.16360359200489238,0.6037158273116565,-0.6944835299804974,1.0,0.8554216867469879,-0.585297827220874,0.3264823746847174,-0.3004659241288047,-0.589769215109285
300,-0.028438913904851093,-0.1922413793103448,-0.17025484728616835,0.022129135990522242,0.1415237053011038,0.6065174308210144,-0.5827243620220963,1.0,0.8554216867469879,-0.5833717783524782,0.07754299685153154,-0.27135255844728723,-0.5697074010327021
301,0.006967831215232367,-0.15258620689655167,-0.14013358407366594,0.09173225014809172,0.11049599279024092,0.624299510716638,-0.5529928984164827,1.0,0.8554216867469879,-0.571416265983816,0.009121943309151836,0.2987979708866344,0.10069772176262659
302,0.018297989653663693,-0.18103448275862066,-0.15735036638350308,0.19666582042819658,0.19057581512118182,0.6281838445353713,-0.5317277071481681,1.0,0.8554216867469879,-0.5688236898323034,-0.03715079594636972,-0.07032973092192318,-0.3118402951282857
303,0.019714259458463834,0.005172413793103514,-0.1320601776797874,-0.0666412795125666,0.07470468956194254,0.6306623281989798,-0.5064792628433809,1.0,0.8554216867469879,-0.567350777318639,-0.09109460883117648,-0.27544662549625065,-0.5720022948938612
304,-0.10208494375462862,-0.12758620689655165,-0.12324103495233785,0.05407463823305414,0.2535324600083684,0.6332458946858399,-0.43563118197293793,1.0,0.8554216867469879,-0.5650396881741169,-0.2512583005330533,-0.32862814292015896,-0.6158273647585735
305,-0.08225716648737658,-0.03706896551724137,-0.09610271707411988,0.09744435982059763,-0.09729955904599452,0.6216215210436651,-0.4290289025335132,1.0,0.8554216867469879,-0.5731893626571796,-0.26515551688595684,-0.2585741067490075,-0.5593063498232561
306,-0.15023811711794355,-0.06810344827586201,-0.11578367161662673,0.2134636540577135,0.005890115549261221,0.6221786918991337,-0.3682807632039927,1.0,0.8554216867469879,-0.5728702067537434,-0.39814482308000176,-0.24385200705778565,-0.5470545777580367
307,-0.04401788175768273,-0.0008620689655173264,-0.14729913753971868,0.06681052720656688,0.13083781261064065,0.6227153673689112,-0.32759395508976896,1.0,0.8554216867469879,-0.572451954692808,-0.4910598193568696,-0.2770732245258051,-0.5717308558350144
308,0.022546799068074108,0.01379310344827589,-0.07107191492121145,0.059109757129559126,-0.12974347420258137,0.6028126046205431,-0.2949892205186253,1.0,0.8554216867469879,-0.5861646171729314,-0.5627598959077629,-0.28367611380679325,-0.57707327003868
309,0.17975274740125013,-0.012931034482758563,-0.06744050320990869,-0.16899382245916883,0.5539605394444622,0.6639926149959847,-0.2322180259354033,1.0,0.8554216867469879,-0.5449895880269855,-0.6995517075983364,-0.2588635862373181,-0.5577517443044064
310,-0.23096549599174176,-0.0724137931034482,-0.04137215485377099,0.054878564779554884,0.06485564388940745,0.6129304545925609,-0.1972953800641497,1.0,0.8554216867469879,-0.578817112012034,-0.7797154995005386,-0.3675424569916189,-0.6385912312845854
311,0.24914996783662713,0.10689655172413803,0.03958887231697017,-0.08508927815858502,-0.1571663072516014,0.6044692252850663,-0.19352629355663953,1.0,0.8554216867469879,-0.5844014073367438,-0.7878792727256292,-0.36165637406263795,-0.6312006860005305
312,0.0990253685274618,-0.018103448275861966,-0.25757084495168936,0.3961665397308962,0.09176349415816398,0.5769530452472666,-0.17204744392241633,1.0,0.8554216867469879,-0.6029716553060545,-0.8347850886198791,-0.29413872959858856,-0.577702515129643
313,0.1967479850588918,-0.11810344827586206,0.05129369042215148,-0.22158754336972153,0.3385689915993433,0.5880776934341121,-0.06874183303328174,1.0,0.8554216867469879,-0.5965989716963855,-0.973180307009907,-0.3639859947066608,-0.6022800880943127
314,0.2661452054942588,-0.1448275862068965,-0.2574411516762857,-0.14542608106964539,0.5016254144002059,0.6307150570684017,0.010765197153326689,1.0,0.8554216867469879,-0.567058974425992,-0.9210822352759618,-0.3159944309660345,-0.540095867340329
315,0.15850870032920783,-0.18189655172413788,-0.07379547370468864,-0.13700600829313692,0.18439602175802228,0.6307150570684017,0.07965670507695344,1.0,0.8554216867469879,-0.567058974425992,-0.8686827558831907,-0.3728495809439789,-0.5894977760504383
316,0.19249917564448138,-0.1827586206896552,-0.2690162765060633,-0.17356351019717342,0.2585535421159355,0.539377690106158,0.07965670507695344,1.0,0.8554216867469879,-0.6265398656266183,-0.8686827558831907,-0.3465345169827967,-0.4803175836988507
317,0.05087219516414687,-0.1732758620689655,-0.22417482653524423,0.08322755352458322,0.17873121117512625,0.43948672574318115,0.07934969231840205,1.0,0.8554216867469879,-0.6959624872459975,-0.86883043778383,-0.3816028892809882,-0.5998741509818074
318,-0.04968296097690328,-0.1784482758620689,-0.3044549640101162,0.16023525429466012,0.4099584795133413,0.5379685027394063,0.05683142903503913,1.0,0.8554216867469879,-0.6306873571578155,-0.8853959340715682,-0.4118741729157477,-0.6402198656376659
319,0.25339877725102755,-0.08879310344827585,-0.3420335905583296,0.1270627062706271,0.10315748817148918,0.6418993770060006,0.10579952603583576,1.0,0.8554216867469879,-0.5608977196670007,-0.8500589263366722,-0.3539369210410235,-0.573359490188095
320,-0.0015297876135884625,-0.20775862068965523,-0.2774139160884509,0.12465092663112465,0.4780005793556277,0.7460201140826486,0.11096980610317564,1.0,0.8554216867469879,-0.48956649070205327,-0.8448605738741743,-0.3927271724746362,-0.5997631077304609
321,0.11460433638029333,-0.17586206896551726,-0.44841449970819025,-0.22234915799272226,0.7431523383436864,0.6083242370016415,0.1083306692683581,1.0,0.8554216867469879,-0.580087557327654,-0.847764553521442,-0.4196074106749008,-0.5862158310662002
322,0.21374322271653345,-0.16551724137931034,-0.2939822320212697,-0.031860878395531755,0.2972416234832147,0.4528973592658281,0.12933359274492595,1.0,0.8554216867469879,-0.6860192278544763,-0.8321204709514927,-0.2928981032201148,-0.5796272648196472
323,-0.18564486223802712,-0.168103448275862,-0.21149730886453544,0.12346619277312354,0.30470887379703226,0.42140344976961885,0.1456992984717087,1.0,0.8554216867469879,-0.7079834958154883,-0.8202165721195793,-0.3022717247463609,-0.5576653773311371
324,0.005551561410432226,-0.14827586206896548,-0.10505155307697311,-0.05013962934755012,0.18922398532299067,0.41015757887471915,0.15372246472515982,1.0,0.8554216867469879,-0.7159768531152877,-0.8139358325602766,-0.27358568592854005,-0.5882516240075508
325,0.15567616071959756,-0.0344827586206895,-0.10547305622203507,0.12824744012862843,0.01715536386752059,0.42052150481120854,0.15397483785630062,1.0,0.8554216867469879,-0.7087605447391415,-0.8137733334604886,-0.2401714821349803,-0.5363574112116669
326,-0.08650597590178699,-0.06810344827586201,-0.03897282925880308,-0.17766776677667762,0.04020084328430262,0.42052150481120854,0.2044724572527432,1.0,0.8554216867469879,-0.7087605447391415,-0.777789908420538,-0.3217633436259374,-0.5713360353857827
327,0.3539539333920778,0.1060344827586206,-0.18721224304519812,0.28899043750528897,-0.12530174772281055,0.42052150481120854,0.23789894139085432,1.0,0.8554216867469879,-0.7087605447391415,-0.7517153905125623,-0.30861270401411567,-0.4653760973232407
328,0.08911147989383084,0.07241379310344831,-0.12421373451786533,0.26944232884826946,0.18207859924683767,0.4217911495203648,0.2491831230512671,1.0,0.8554216867469879,-0.707982746930867,-0.7442311845877487,-0.316883546537274,-0.4857216885977088
329,0.053704734773747154,0.01379310344827589,-0.016276506063160667,-0.1723787763391723,0.36174321671119114,0.3670189044938632,0.31320318635463895,1.0,0.8554216867469879,-0.743657750554279,-0.6953693991356686,-0.377467468019409,-0.5034145799789018
330,0.19108290583968124,0.0017241379310344307,-0.04649503923221587,0.0022425319455021686,0.25758794940294183,0.24357255123533994,0.26131211852925484,1.0,0.8554216867469879,-0.8259910712748871,-0.7342248066143444,-0.3461623290692546,-0.5781837025521441
331,0.30155195061435247,0.20258620689655182,-0.4514947149990274,-0.005881357366505746,0.14815410859699374,0.21221854357512004,0.22841422753563112,1.0,0.9204819277108436,-0.8497949487209642,-0.7583738674124082,0.4060501213056902,0.27781170766013386
332,0.4035233765601929,0.30000000000000004,-0.4287011218468323,0.2756621816027758,0.3708841610608644,0.3655528040145406,0.31043442849795433,1.0,0.927710843373494,-0.7478793629408587,-0.6995189768633124,0.9985112483458316,0.9964466159569152
333,0.30863329963836317,0.09310344827586214,-0.22874651449322358,-0.03913852923753902,0.5150793395345843,0.47148385064973564,0.37109616558937386,1.0,0.927710843373494,-0.6749275913405894,-0.6538225701332421,0.9993383325981473,0.9987415098180745
334,-0.019941295076030263,0.125,-0.1379936450295054,0.1523652365236523,-0.11197656828349811,0.4597574027662197,0.4012624715796502,1.0,0.927710843373494,-0.6828122917225592,-0.6314634345046602,0.3114937141596823,0.15929154405641
335,0.20524560388771262,0.16637931034482767,-0.1747941119252967,0.034018786494034,0.2535968328559013,0.4374212648328295,0.4600116813619033,1.0,0.927710843373494,-0.6959345975345634,-0.5881575120551806,-0.2671757829730923,-0.6038717080302778
336,0.03954203672571577,0.2301724137931036,-0.3328577913235199,-0.005542861978505398,0.3303936399626637,0.311905893594419,0.47961055274047193,1.0,0.927710843373494,-0.7817540011296379,-0.5730502971770256,-0.2974194971327746,-0.5909290001789029
337,0.21940830193575422,0.07844827586206904,-0.08160949354775959,-0.22916137767622924,0.23647365541214715,0.2896460185838716,0.4757142052655059,1.0,0.927710843373494,-0.7968017361080137,-0.5755098413392103,-0.36142203352448177,-0.6479188643976829
338,-0.06101311941532439,0.2250000000000001,-0.2850982426561184,0.13379030210713383,0.057517139270655715,0.23740753921929514,0.4428716880739143,1.0,0.927710843373494,-0.831775096936386,-0.5999874822927909,-0.2539010807234231,-0.5246608554031795
339,0.14434600228116645,0.2068965517241379,-0.1412684002334481,-0.08200050774308187,0.36193633525378965,0.19565868573200373,0.5125254933305001,1.0,0.927710843373494,-0.8607903432638645,-0.5495646787960851,-0.30154113365681523,-0.5300649603020375
340,0.2845567129567108,0.06896551724137945,-0.4015628039686142,0.23313869848523305,-0.001190897679358982,0.15895818194959155,0.4652957846296957,1.0,0.927710843373494,-0.885361864344832,-0.5822822068555221,-0.448665637406264,-0.5265239143979913
341,0.23073846037417534,0.04137931034482767,-0.45347253744893334,-0.01053566895151048,0.7546107052045445,0.2556480179948375,0.37081995719118277,1.0,0.927710843373494,-0.8212758656020923,-0.6526358545004721,-0.4201036612262903,-0.5706327614605888
342,0.08344640067462028,0.022413793103448265,-0.11231437649957865,0.008800880088008833,0.0897035630371108,0.34648758707703897,0.27966500555746476,1.0,0.927710843373494,-0.7588369491075524,-0.7197779551665171,-0.3894188354653729,-0.5575296578017137
343,0.07778132145540972,0.007758620689655382,-0.23351274236430852,0.1047643225861048,0.04541504393446827,0.42207146314697774,0.18316444750005845,1.0,0.927710843373494,-0.7085424578361283,-0.7904446590711448,-0.38892258491398335,-0.514296818610849
344,0.08486267047942042,0.024137931034482696,-0.5054795408858052,0.07937716848607956,0.11777012456145974,0.534257281798084,0.099497737687122,1.0,0.927710843373494,-0.633584304982201,-0.8533607377646224,-0.3455558006175563,-0.5129026088994997
345,0.2080781434973229,0.03965517241379324,-0.4822320212696972,0.005458238131505588,0.05442724258907594,0.7080993200466024,0.06529174618531175,1.0,0.927710843373494,-0.5156733075557625,-0.8792200041958127,-0.3457901411557125,-0.4874243517850202
346,0.37803052007373017,0.037931034482758585,-0.11776149406653269,-0.15223830075315214,0.22617399980688124,0.6766020825959413,0.05133515196340244,1.0,0.927710843373494,-0.5348623464061533,-0.8890512909542666,-0.4057951036612264,-0.5302870468047304
347,0.6400404339623669,0.03965517241379324,-0.5738927436612413,-0.0606752982990606,0.6372590041520487,0.6106518749968466,-0.0941212441148428,1.0,0.927710843373494,-0.5798305900513026,-0.942798843919159,-0.3850352889280989,-0.48964521681194817
348,0.3907769483169614,0.11293103448275854,-0.46845211075805726,0.2522636879072524,0.5673500917313079,0.5774445318167487,-0.2500933828255756,1.0,0.927710843373494,-0.6037709835471882,-0.6651299219809671,-0.4259483899426556,-0.5298798882164604
349,0.17833647759645,-0.004310344827586299,0.0008754296089747982,0.013285943979013393,0.15645820592873916,0.6211044707851192,-0.30581157482382526,1.0,0.927710843373494,-0.5732570618269353,-0.5409298003795012,-0.44595004411116024,-0.461773360724002
350,0.48991583465320154,0.053448275862068906,-0.29135594319434555,-0.01404755860201401,0.4469728668447648,0.6239389715176624,-0.2330427023400744,1.0,0.927710843373494,-0.5718814980733207,-0.6962258981745467,-0.4541795324217027,-0.4767641996557659
351,0.4162698048034241,0.042241379310344884,-0.4438752350690617,-0.00038080731150025304,0.5307863143326144,0.5433597102652306,-0.12904740060635567,1.0,0.927710843373494,-0.6249404290562037,-0.9162566465368157,-0.6283634759594179,-0.23898358410600928
352,0.35537020319687795,0.03103448275862064,-0.3674858958563,-0.06215621562156204,0.5734011393994014,0.5236342993704703,0.013665425563908151,1.0,0.927710843373494,-0.6389391982253244,-0.9195460678779283,-0.505955006616674,-0.3501378787037551
353,0.14151346267156617,0.06465517241379315,-0.1623435574865445,-0.01074722856901067,-0.0672374392481252,0.44856813023993714,0.09121137225164122,1.0,0.927710843373494,-0.689582470807746,-0.8605244747162828,-0.41687803264225853,-0.5082634686210279
354,0.1570924305243977,0.07672413793103439,-0.22410997989754244,0.13260556824913272,0.1910264250539122,0.4194764947132503,0.13832639218092502,1.0,0.927710843373494,-0.7095916506510345,-0.8261591633044948,-0.38557289369210423,-0.9600244295152962
355,0.0480396555545366,0.0620689655172415,-0.03495233772128914,0.10129474485910128,-0.1888377482377933,0.43002856810524537,0.19036473291879097,1.0,0.927710843373494,-0.7024837994901523,-0.7874491661375016,-0.21906015659461853,-0.5281402106120334
356,0.3652840918304989,0.056034482758620774,-0.11487581868880103,-0.16010831852416008,0.21793427532266896,0.45433051345893727,0.27413541476791137,1.0,0.927710843373494,-0.6853597226128243,-0.7261151302965025,-0.22176885752095288,-0.5049321710806359
357,0.7887487634667221,0.05258620689655191,-0.5427663575643604,0.045696877380045686,0.05004988895683793,0.36309582708300425,0.37540073738427604,1.0,0.927710843373494,-0.746323461529756,-0.6513802256556315,-0.19436479929422157,-0.5475481033195764
358,0.19249917564448138,0.1870689655172415,-0.10910446793333772,-0.2665651180502664,0.3081850075638095,0.23955043177084723,0.4623728706709733,1.0,0.927710843373494,-0.8296129565745249,-0.5862090636031811,-0.24546482134980163,-0.58540151388966
359,0.1273507646235248,0.2586206896551724,-0.227806238246547,0.07671151730557679,0.2117544819595094,0.17604569397176917,0.5491609956960426,1.0,0.927710843373494,-0.8732647437449637,-0.5227553859272438,-0.177437141596824,-0.5294357152110747
360,-0.055348040196113835,0.17155172413793118,-0.0395888723169705,0.10417195565710413,0.13573014902314195,0.18443303250754228,0.5939120404938003,1.0,0.927710843373494,-0.8679191210693801,-0.4886974187126659,-0.19253142920158806,-0.502082060962745
361,0.11602060618510368,0.17586206896551726,-0.01922702807859422,0.03258018109503258,0.12497988348514588,0.18443303250754228,0.6503874777163239,1.0,0.927710843373494,-0.8679191210693801,-0.4474179056481853,-0.3076202029113366,-0.5264745618418374
362,-0.04401788175768273,0.04137931034482767,-0.191621814408923,-0.036092070745536,0.2961472850751552,0.18443303250754228,0.7164181655766746,1.0,0.927710843373494,-0.8679191210693801,-0.3990912707812867,-0.43557013674459644,-0.5096330020543001
363,-0.031271453514451375,0.12413793103448278,-0.12155502237209004,0.295041042565795,0.03595223534713066,0.18443303250754228,0.7570014608768265,1.0,0.927710843373494,-0.8679191210693801,-0.3680122492268584,-0.4397882664314072,-0.46340199507708246
364,0.1386809230619559,0.13793103448275845,-0.17758251734647568,-0.02669882372852661,0.022305191670153546,0.1694375335775098,0.8205169255271849,1.0,0.927710843373494,-0.8779736725164917,-0.32286295559137357,-0.48052216585796215,-0.39362981881442816
365,0.15567616071959756,0.1491379310344827,-0.18941702872706057,0.0008462384700007597,0.06614310084006547,0.16223380587972258,0.9562181522115023,1.0,0.927710843373494,-0.8825862838045007,-0.22243512779153007,-0.47149316277018094,-0.40447504302925985
366,0.08203013086982014,0.042241379310344884,-0.08553271512872063,0.06875687568756872,0.21239821043483853,0.20032484816034235,1.0,1.0,0.927710843373494,-0.8576708784158787,-0.18800333394672042,-0.39591144684605206,-0.4366035570854848
367,0.20949441330212304,0.07068965517241388,-0.05586537838013106,-0.24418211051874406,0.31558788503009416,0.14872567000309145,0.9488920574172757,1.0,0.927710843373494,-0.8901600082873444,-0.22527501464581268,-0.5097182399647111,-0.37179131271630295
368,0.1613412399388081,0.05948275862068986,-0.26110498670643945,-0.12676652280612666,0.5047796839293184,0.12235826605334177,0.829485248442756,1.0,0.927710843373494,-0.9103079236872373,-0.312723426732043,-0.5324217026907809,-0.3757148409305424
369,0.07211624223619917,0.1103448275862069,-0.04717592892808509,-0.09998307523060002,-0.09427403521194777,0.16875002748223844,0.7342064858718664,1.0,0.927710843373494,-0.8783045188209,-0.38415235023773864,-0.46664093515659466,-0.38266121320921165
370,0.3100495694431733,0.06293103448275872,-0.3994552882433047,0.09668274519759668,0.39129035372879706,0.1641784282547869,0.6088887774909437,1.0,0.927710843373494,-0.8816004520891644,-0.47539157566595225,-0.4935487428319365,-0.40203209149963914
371,0.011216640629642782,0.07327586206896552,-0.32575708449516905,0.30413810611830416,0.6107373909684894,0.20961572864405564,0.4765885844935196,1.0,0.927710843373494,-0.8511963933030166,-0.5737072585898763,-0.5110415747684165,-0.3599837136564692
372,-0.11341510219304973,0.03706896551724137,-0.35253874586602685,-0.05834814250655829,0.36837362000708085,0.2124485029134413,0.3012178485719783,1.0,0.927710843373494,-0.8490325348750205,-0.702811596762655,-0.3860691442434937,-0.5954694353450669
373,0.5791408323558207,0.043965517241379315,-0.4582387653200183,-0.11568079884911564,0.7501046058772409,0.30610136014285305,0.2067830649793614,1.0,0.927710843373494,-0.7876532523632,-0.7746358053652875,-0.10283414203793562,-0.4130623878000481
374,-0.0907547853161974,0.01810344827586219,-0.11033655404967269,-0.08238131505458235,0.3096655830570665,0.4151777634507563,0.1708186524220463,1.0,0.927710843373494,-0.7125867522864373,-0.7995245431058668,0.7170958314953684,0.5913978494623657
375,0.28172417334710054,0.06379310344827593,-0.4397574735749952,0.004992806973004971,0.3332260452541118,0.45872208493060085,0.03973567448666038,1.0,0.927710843373494,-0.6846068064960888,-0.8974207529820951,-0.3463277459197178,-0.6179742009512705
376,0.24348488861740658,0.1974137931034483,-0.4620647169444265,0.21155961750021168,0.181113006533844,0.6170696708421619,0.051540941061448464,1.0,0.927710843373494,-0.5779914479950551,-0.8897019545208833,-0.26047640052933396,-0.5207743416060555
377,0.0876952100890307,0.18879310344827593,-0.34063938784774017,-0.020098163662520152,0.33992082139753443,0.7766628466933578,0.07217596416631578,1.0,0.927710843373494,-0.4698919249889236,-0.8745147600362669,-0.2627922364358184,-0.4793922232709641
378,-0.04968296097690328,0.18534482758620707,-0.14648855456844578,0.08018109503258009,0.15130837812610642,0.8313657253924731,0.11576836392868528,1.0,0.927710843373494,-0.4319924282460199,-0.8424525303898123,-0.29910123511248365,-0.4685469990561324
379,0.04662338574973646,0.22672413793103452,-0.16367291355943203,0.05665566556655666,0.09395217097428299,0.8404499764705751,0.14067101295461515,1.0,0.927710843373494,-0.4257502814665296,-0.8240104655215499,-0.2716420379355977,-0.46706642237151375
380,0.0041352916056323075,0.20517241379310347,-0.22628234226055388,0.14724549378014729,0.3467443432360231,0.8366417782885269,0.18552014350602053,1.0,0.927710843373494,-0.42823390738706923,-0.7914987510233782,-0.34442545213939135,-0.4523716987766735
381,-0.09641986453541807,0.31379310344827593,-0.06705142338369763,0.03363797918253364,-0.028291866490714246,0.8366417782885269,0.2311053603400668,1.0,0.927710843373494,-0.42823390738706923,-0.7567369936790368,-0.5176168945743274,-0.28991542205689114
382,-0.13324287946030178,0.33793103448275885,-0.14434861552428524,0.32025894897182017,0.017026618172454766,0.8370590280993682,0.23444761226570487,1.0,0.927710843373494,-0.4280332390722922,-0.7547749927842283,-0.5539258932509925,-0.28785495283746354
383,0.26048012627504824,0.03103448275862064,-0.09542182737825045,0.018236439028518348,0.43963436222601304,0.8994046942116687,0.29459812220103787,1.0,0.927710843373494,-0.38726556883639585,-0.7100253083136359,-0.38834362593736227,-0.5013047582033202
384,0.26897774510386907,0.0663793103448278,-0.1648401530380651,-0.3913006685283912,0.4463935112169686,0.9859042485018303,0.25007175649492375,1.0,0.9855421686746988,-0.3276568586326951,-0.7426706033321175,-0.4401604543449493,-0.4299409620047008
385,0.32987734671041524,0.057758620689655205,-0.16963880422800082,-0.04777016163154779,0.2002317422511184,0.8531007764316763,0.31532840168026377,1.0,1.0,-0.4156074692862818,-0.6950717852092658,-0.6217468019408912,-0.23272814761349547
386,0.19958052466850207,0.05517241379310356,-0.34683224174826544,0.05855970212405848,0.32865557307927507,0.7727508385496358,0.4100656802199012,1.0,1.0,-0.4713166967028556,-0.6259185931801325,-0.349194971327746,-0.44158816525703426
387,0.019714259458463834,-0.004310344827586299,-0.47863303287724535,0.21866802064821877,0.5587885030094304,0.8591314464711022,0.47961055274047193,1.0,1.0,-0.4148900939855269,-0.5730502971770256,-0.33842909131010157,-0.4796513241907723
388,-0.1672333547755852,-0.04655172413793107,-0.07940470786589715,-0.07264957264957261,0.017412855257652238,0.9729952094581666,0.480005821322359,1.0,1.0,-0.33711088106224973,-0.5729884777616501,-0.3742004852227615,-0.47173023892806243
389,-0.09500359473060793,0.11551724137931041,-0.11980416315414055,-0.010620292798510511,0.30998744729473104,1.0,0.5730562850303409,1.0,1.0,-0.31810636114181545,-0.5054915810148735,-0.2942627922364358,-0.4901264042344493
390,0.150011081500387,0.19482758620689644,-0.1160754814862851,0.03376491495303391,-0.1963693713991439,0.9927648974214738,0.6242095499498919,1.0,1.0,-0.3227511307835993,-0.4669225482843572,-0.3750000000000001,-0.40200741522156214
391,0.13301584384274534,0.12241379310344835,-0.29625186434083406,0.10607599221460617,0.5889149956548327,0.9892065966814971,0.6584849640263146,1.0,1.0,-0.32582279963081384,-0.44079376623010347,-0.43631451257168075,-0.3833398108563285
392,-0.0029460574183884924,0.125,-0.26924323973801967,-0.12092747736312082,0.28829379767614016,0.9988379838372499,0.6710502005472752,1.0,1.0,-0.3185855724109158,-0.43246672925618657,-0.461292456991619,-0.3808968593267077
393,0.09619282891785153,0.20344827586206904,-0.05771350755463345,0.113946009985614,-0.028356239338247047,0.9968771197484567,0.7303057681946379,1.0,1.0,-0.32023256939548117,-0.38794900889681727,-0.47274757388619326,-0.38237743601132634
394,0.11743687598990382,0.14741379310344827,-0.10800207509240667,0.008293137006008422,0.24574334545688625,0.9969629337617183,0.7309497704922703,1.0,1.0,-0.32015373680769044,-0.3872687842666651,-0.3182620202911337,-0.5994669923935372
395,0.2873892525663111,0.12327586206896557,-0.5233123662538098,0.07379199458407393,0.4531526602079241,0.9969629337617183,0.7309497704922703,1.0,1.0,-0.32015373680769044,-0.3872687842666651,-0.2983982134980151,-0.5862898599004311
396,0.5607293248933789,0.2551724137931035,-0.5382919395629338,-0.10700685453160708,0.37275097363931886,0.9969629337617183,0.7309497704922703,1.0,1.0,-0.32015373680769044,-0.3872687842666651,0.7391789810322011,0.6630947754150243
397,0.02396306887287425,0.33017241379310347,-0.8877180468192725,0.10121012101210125,-0.5930348578969391,0.9969629337617183,0.7309497704922703,1.0,1.0,-0.32015373680769044,-0.3872687842666651,0.9988834362593737,0.9973349619676863
